"B_G","dIepr_over_dB","B_mT"
3439.17,-4.38909679859972e-07,343.917
3439.22,-2.38897973139723e-07,343.922
3439.27,-3.01669413407384e-07,343.927
3439.32,3.07043139211677e-10,343.932
3439.37,-7.25313580405192e-07,343.937
3439.42,-5.63170540631066e-07,343.942
3439.47,-7.14001069609531e-07,343.947
3439.52,-9.66216809214148e-07,343.952
3439.57,-1.33185504438751e-07,343.957
3439.62,8.63389391903321e-07,343.962
3439.67,1.21684053834664e-06,343.967
3439.72,1.00837587760897e-07,343.972
3439.77,-8.84165114580565e-08,343.977
3439.82,1.2112200820336e-06,343.982
3439.87,2.86469258347004e-07,343.987
3439.92,2.14501910692247e-07,343.992
3439.97,2.72606062759599e-07,343.997
3440.02,-6.3729258066205e-07,344.002
3440.07,-8.75654074450462e-07,344.007
3440.12,-6.6839527302172e-07,344.012
3440.17,-2.52353954137569e-07,344.017
3440.22,-2.11359527160094e-07,344.022
3440.27,3.9553566254485e-07,344.027
3440.32,-3.93545527094537e-07,344.032
3440.37,-6.60765593074488e-07,344.037
3440.42,-5.15902962063822e-09,344.042
3440.47,-8.09063301843563e-07,344.047
3440.52,-3.85947171346502e-07,344.052
3440.57,-2.858305733078e-07,344.057
3440.62,-3.71338907306772e-07,344.062
3440.67,4.16710821201919e-07,344.067
3440.72,4.86123009179333e-07,344.072
3440.77,-2.49409479413065e-07,344.077
3440.82,-1.11503584215557e-06,344.082
3440.87,-6.19229704939468e-07,344.087
3440.92,-2.95599231091595e-07,344.092
3440.97,-4.36209086400644e-07,344.097
3441.02,-3.06488865198099e-07,344.102
3441.07,-3.64857035515825e-07,344.107
3441.12,3.78548996808959e-07,344.112
3441.17,6.37403194240464e-07,344.117
3441.22,-5.24339607220832e-08,344.122
3441.27,4.46394974826531e-07,344.127
3441.32,-1.12014820667282e-07,344.132
3441.37,-5.06816068833138e-07,344.137
3441.42,-1.61681584676694e-07,344.142
3441.47,1.1581279241979e-07,344.147
3441.52,-4.91641731765065e-07,344.152
3441.57,5.13401911794187e-07,344.157
3441.62,2.92931146102945e-08,344.162
3441.67,4.92372186919104e-07,344.167
3441.72,2.04205198927683e-07,344.172
3441.77,5.34776202860436e-07,344.177
3441.82,6.34255112221181e-07,344.182
3441.87,4.74351822609718e-07,344.187
3441.92,-7.8008394270088e-07,344.192
3441.97,-3.21508818712987e-07,344.197
3442.02,1.73541198306961e-08,344.202
3442.07,1.81604789207158e-07,344.207
3442.12,-4.96794562532946e-07,344.212
3442.17,-3.89509180283744e-07,344.217
3442.22,-1.51378160583731e-07,344.222
3442.27,-5.2180246070603e-07,344.227
3442.32,-2.13849800996244e-07,344.232
3442.37,8.55425729918168e-09,344.237
3442.42,-1.98212313268618e-07,344.242
3442.47,-2.65284136077467e-07,344.247
3442.52,7.8421076610489e-07,344.252
3442.57,5.858145105661e-07,344.257
3442.62,-8.33956898153618e-08,344.262
3442.67,-2.87929294653988e-07,344.267
3442.72,4.61781868960583e-07,344.272
3442.77,5.77213780443766e-07,344.277
3442.82,8.59899173415913e-08,344.282
3442.87,8.90619070776581e-07,344.287
3442.92,1.34745404110697e-09,344.292
3442.97,-2.90441942918136e-07,344.297
3443.02,-6.08069340254192e-07,344.302
3443.07,-4.07974795710285e-07,344.307
3443.12,-2.90533678072926e-07,344.312
3443.17,1.52220452917715e-07,344.317
3443.22,6.2906215606309e-08,344.322
3443.27,4.34494016574529e-07,344.327
3443.32,3.09060735776352e-07,344.332
3443.37,-5.3332081623927e-07,344.337
3443.42,-2.10330303472198e-07,344.342
3443.47,7.04783784155683e-07,344.347
3443.52,9.40892173044721e-07,344.352
3443.57,2.08026751229699e-07,344.357
3443.62,4.65525110764606e-07,344.362
3443.67,-2.58770940087323e-07,344.367
3443.72,-4.51072418919548e-07,344.372
3443.77,3.09029411577156e-07,344.377
3443.82,-4.79306709609906e-07,344.382
3443.87,-9.03700419945639e-07,344.387
3443.92,-8.60591609522378e-07,344.392
3443.97,-2.0454875127758e-07,344.397
3444.02,3.0391909222247e-07,344.402
3444.07,2.94027493074835e-08,344.407
3444.12,-4.96490270312177e-07,344.412
3444.17,-3.42659365499259e-07,344.417
3444.22,-3.15465485710795e-07,344.422
3444.27,7.74811268903036e-07,344.427
3444.32,4.34451505161333e-07,344.432
3444.37,1.17842153039186e-07,344.437
3444.42,-1.84454277492802e-07,344.442
3444.47,3.55266302504672e-08,344.447
3444.52,-6.92378422392507e-07,344.452
3444.57,-4.48617944168195e-07,344.457
3444.62,1.50325338866306e-07,344.462
3444.67,1.73818488263941e-07,344.467
3444.72,-3.8357995686434e-07,344.472
3444.77,-2.60115643209988e-07,344.477
3444.82,1.05726157306101e-06,344.482
3444.87,9.18059069273019e-07,344.487
3444.92,1.13684984317204e-07,344.492
3444.97,5.19252824715599e-07,344.497
3445.02,4.12983241497494e-07,344.502
3445.07,-2.91927604937186e-07,344.507
3445.12,-6.7704746432845e-07,344.512
3445.17,4.85820954401363e-07,344.517
3445.22,-2.15049070336923e-07,344.522
3445.27,-2.52897652737914e-07,344.527
3445.32,-4.197549320511e-07,344.532
3445.37,4.03272739746471e-07,344.537
3445.42,5.57676429916132e-07,344.542
3445.47,4.46016846993369e-07,344.547
3445.52,4.70516959271046e-08,344.552
3445.57,-9.37326947783455e-07,344.557
3445.62,-7.62168738203083e-07,344.562
3445.67,-3.561578579103e-07,344.567
3445.72,-5.2080903610293e-07,344.572
3445.77,-1.19890619322489e-07,344.577
3445.82,-9.10316538304573e-07,344.582
3445.87,-5.00871183314136e-07,344.587
3445.92,-6.39186060331415e-09,344.592
3445.97,-4.63190295502986e-08,344.597
3446.02,-2.71408017020451e-07,344.602
3446.07,5.70418780280992e-08,344.607
3446.12,-8.52838870221158e-07,344.612
3446.17,-1.0521211880687e-06,344.617
3446.22,-1.55788007391896e-08,344.622
3446.27,5.35758440249538e-07,344.627
3446.32,2.04719810771631e-07,344.632
3446.37,-8.11604844583867e-08,344.637
3446.42,-1.55564263111918e-08,344.642
3446.47,1.06877321626585e-06,344.647
3446.52,-1.9162751910888e-07,344.652
3446.57,-8.71181426293712e-07,344.657
3446.62,-5.59221340469322e-08,344.662
3446.67,-6.02587605394743e-07,344.667
3446.72,-1.11353228059412e-06,344.672
3446.77,-8.95820749465587e-09,344.677
3446.82,2.17220403693973e-07,344.682
3446.87,-3.55417264343575e-07,344.687
3446.92,-7.43448054297367e-07,344.692
3446.97,-7.48524812010056e-07,344.697
3447.02,-4.02799590514406e-07,344.702
3447.07,-5.27845793708221e-07,344.707
3447.12,-1.1236656590343e-06,344.712
3447.17,-4.50240090198032e-07,344.717
3447.22,-2.12578933485972e-07,344.722
3447.27,3.93264658103078e-07,344.727
3447.32,-3.06808819518467e-07,344.732
3447.37,-5.00374471012586e-07,344.737
3447.42,-3.57345940036981e-07,344.742
3447.47,3.09049548562354e-07,344.747
3447.52,3.93412329327863e-07,344.752
3447.57,7.50103188065122e-07,344.757
3447.62,-4.83513102073483e-07,344.762
3447.67,-3.48664661973854e-07,344.767
3447.72,-6.23926097376196e-07,344.772
3447.77,-7.7601403424809e-07,344.777
3447.82,-1.45029867623934e-06,344.782
3447.87,-6.70473857382711e-07,344.787
3447.92,2.55149534035756e-07,344.792
3447.97,1.93733966624737e-07,344.797
3448.02,-1.04927963571299e-06,344.802
3448.07,-4.62226071276425e-07,344.807
3448.12,1.88856341321228e-07,344.812
3448.17,2.54740082003397e-07,344.817
3448.22,7.05340907412827e-07,344.822
3448.27,3.01095439409154e-07,344.827
3448.32,-4.84065636824885e-08,344.832
3448.37,-2.71430391448449e-07,344.837
3448.42,-2.67174775243277e-07,344.842
3448.47,-3.02944755803255e-07,344.847
3448.52,2.46416794788235e-07,344.852
3448.57,-3.08122198441934e-07,344.857
3448.62,-1.46739941659798e-07,344.862
3448.67,8.80966742538352e-07,344.867
3448.72,1.43409623420477e-06,344.872
3448.77,-5.97750105481444e-08,344.877
3448.82,5.05398692519535e-08,344.882
3448.87,2.85997157916252e-07,344.887
3448.92,-1.74488707262605e-07,344.892
3448.97,-7.49231843934785e-07,344.897
3449.02,-4.50461597035209e-07,344.902
3449.07,-2.55088109238894e-07,344.907
3449.12,-4.62843605489163e-07,344.912
3449.17,-1.36322255033855e-08,344.917
3449.22,7.1504693427825e-07,344.922
3449.27,2.92635650703184e-07,344.927
3449.32,-6.84876128104676e-08,344.932
3449.37,1.75060269017816e-07,344.937
3449.42,4.79269721883623e-07,344.942
3449.47,3.32182469669225e-07,344.947
3449.52,6.39577988641846e-07,344.952
3449.57,1.31475774759318e-06,344.957
3449.62,7.83593231892152e-07,344.962
3449.67,9.40386510971972e-07,344.967
3449.72,1.34551363631889e-06,344.972
3449.77,2.18875884125522e-06,344.977
3449.82,1.96060679896218e-06,344.982
3449.87,9.14389663081389e-07,344.987
3449.92,1.03337015884501e-06,344.992
3449.97,7.6691533326263e-07,344.997
3450.02,1.51149385553458e-06,345.002
3450.07,5.66295059580864e-07,345.007
3450.12,3.12741329181982e-07,345.012
3450.17,1.77572917281963e-07,345.017
3450.22,-4.98206275319462e-08,345.022
3450.27,-4.74780362825962e-07,345.027
3450.32,1.02618592229518e-07,345.032
3450.37,-5.69721773148807e-07,345.037
3450.42,-8.65672842120666e-07,345.042
3450.47,-1.07355589009054e-06,345.047
3450.52,-2.04694185059565e-07,345.052
3450.57,-2.7280865621311e-07,345.057
3450.62,-3.86822011481214e-07,345.062
3450.67,-1.41357776500944e-06,345.067
3450.72,-6.73550341232401e-07,345.072
3450.77,2.567045567816e-07,345.077
3450.82,-2.4032098676038e-07,345.082
3450.87,-6.60969200369268e-07,345.087
3450.92,-2.93115687063867e-07,345.092
3450.97,-1.43237452197035e-06,345.097
3451.02,-9.87047401680051e-07,345.102
3451.07,-7.71711239463882e-08,345.107
3451.12,-9.70776717640089e-07,345.112
3451.17,-1.20282631537025e-06,345.117
3451.22,-7.05194494749617e-07,345.122
3451.27,-1.48079725904307e-06,345.127
3451.32,-6.44698516329305e-07,345.132
3451.37,-2.60943497045904e-07,345.137
3451.42,-8.03617173788671e-08,345.142
3451.47,-6.38413539504738e-07,345.147
3451.52,-1.12694351273597e-06,345.152
3451.57,-8.17574534253907e-07,345.157
3451.62,2.16309764474465e-07,345.162
3451.67,-7.0247823919069e-07,345.167
3451.72,-5.78875151642686e-07,345.172
3451.77,-2.20159236741417e-08,345.177
3451.82,-4.62635523308784e-07,345.182
3451.87,-2.71486174568252e-08,345.187
3451.92,-7.11132667940219e-07,345.192
3451.97,-5.10109584634406e-07,345.197
3452.02,-9.57472882752628e-07,345.202
3452.07,-6.60331529171332e-07,345.207
3452.12,2.71699898425691e-07,345.212
3452.17,2.59459001818314e-08,345.217
3452.22,-5.65745837293607e-07,345.222
3452.27,-1.35109705246557e-07,345.227
3452.32,-2.74321167545758e-07,345.232
3452.37,-1.91855585324266e-08,345.237
3452.42,-5.60264102434159e-07,345.242
3452.47,1.85182460243998e-07,345.247
3452.52,1.99045655831402e-07,345.252
3452.57,-4.67837577818261e-07,345.257
3452.62,-4.23263242361147e-07,345.262
3452.67,-5.7992451231578e-07,345.267
3452.72,9.16016283996825e-07,345.272
3452.77,3.62081417802616e-07,345.277
3452.82,-1.39410070307724e-07,345.282
3452.87,-2.53398839925064e-07,345.287
3452.92,-1.63429027503318e-07,345.292
3452.97,-3.06795394861668e-07,345.297
3453.02,-1.56199849817246e-07,345.302
3453.07,-7.76230873919427e-08,345.307
3453.12,3.92528539421952e-07,345.312
3453.17,-2.28679571873151e-07,345.317
3453.22,-9.871546066542e-08,345.322
3453.27,3.13869000353069e-07,345.327
3453.32,3.86010868546208e-07,345.332
3453.37,-1.15073200458318e-06,345.337
3453.42,-4.26856575497585e-07,345.342
3453.47,1.35799868950178e-07,345.347
3453.52,4.64762142769883e-07,345.352
3453.57,1.53961403664215e-06,345.357
3453.62,3.11906763017666e-07,345.362
3453.67,9.74415778513748e-07,345.367
3453.72,8.98494869431788e-07,345.372
3453.77,1.66442307089919e-06,345.377
3453.82,8.45548023017917e-07,345.382
3453.87,-2.39141854404898e-07,345.387
3453.92,1.22261102568741e-07,345.392
3453.97,7.17664742353987e-07,345.397
3454.02,2.41425212852129e-08,345.402
3454.07,6.45462611785439e-08,345.407
3454.12,-1.04075945353145e-06,345.412
3454.17,-5.4435364668496e-07,345.417
3454.22,1.00757039820105e-07,345.422
3454.27,-3.48814570641439e-07,345.427
3454.32,-7.78506545527039e-07,345.432
3454.37,-6.69932396225166e-07,345.437
3454.42,7.50042174048774e-09,345.442
3454.47,5.39143691205597e-07,345.447
3454.52,3.62455070750179e-07,345.452
3454.57,-6.97965317063544e-07,345.457
3454.62,-1.25856101551264e-06,345.462
3454.67,-1.183385174883e-06,345.467
3454.72,9.39731132511879e-08,345.472
3454.77,1.94720678899438e-07,345.477
3454.82,3.01207311549143e-07,345.482
3454.87,7.04311683724931e-07,345.487
3454.92,9.61261852293871e-07,345.492
3454.97,7.60569945482469e-07,345.497
3455.02,1.4129792490605e-06,345.502
3455.07,1.698150283663e-06,345.507
3455.12,-4.37016803251362e-07,345.512
3455.17,-4.7350949531569e-07,345.517
3455.22,-5.88659523966145e-07,345.522
3455.27,-9.72776991503087e-07,345.527
3455.32,-1.06916826476019e-06,345.532
3455.37,-1.48768858286638e-06,345.537
3455.42,-7.71078235431786e-07,345.542
3455.47,-6.18184819151974e-07,345.547
3455.52,-7.6289814455581e-07,345.552
3455.57,-9.77842562001778e-07,345.557
3455.62,-9.74978635218066e-07,345.562
3455.67,-1.352390416764e-06,345.567
3455.72,-8.54373755981804e-07,345.572
3455.77,-1.79220898784129e-07,345.577
3455.82,2.20185015403675e-07,345.582
3455.87,-4.94134129423872e-08,345.587
3455.92,6.35212737739485e-07,345.592
3455.97,8.42670863857647e-08,345.597
3456.02,3.93790457161025e-07,345.602
3456.07,3.31034661512941e-07,345.607
3456.12,9.93854873838432e-08,345.612
3456.17,-3.96832330567407e-07,345.617
3456.22,-9.46900965523692e-07,345.622
3456.27,-4.93897074107238e-07,345.627
3456.32,-6.13768107065218e-07,345.632
3456.37,5.96552112182362e-08,345.637
3456.42,1.90402414295872e-07,345.642
3456.47,1.08051103347371e-07,345.647
3456.52,3.89830183405424e-07,345.652
3456.57,4.54389357950127e-07,345.657
3456.62,9.48040802790002e-07,345.662
3456.67,1.74771859144921e-06,345.667
3456.72,2.53018813761526e-06,345.672
3456.77,2.4583080502297e-06,345.677
3456.82,2.98238875210655e-06,345.682
3456.87,3.43789406961311e-06,345.687
3456.92,4.34838561789668e-06,345.692
3456.97,5.19053671330392e-06,345.697
3457.02,3.03766925136059e-06,345.702
3457.07,1.84557986462576e-06,345.707
3457.12,7.57247342924803e-07,345.712
3457.17,-1.51287547646344e-06,345.717
3457.22,-2.67954975043563e-06,345.722
3457.27,-3.43639386421586e-06,345.727
3457.32,-3.59681627551692e-06,345.732
3457.37,-4.12737437429912e-06,345.737
3457.42,-3.72455188495606e-06,345.742
3457.47,-3.17507844474456e-06,345.747
3457.52,-2.27177803761947e-06,345.752
3457.57,-2.69728595950945e-06,345.757
3457.62,-2.00709974162011e-06,345.762
3457.67,-1.75508537186747e-06,345.767
3457.72,-2.11107818341124e-06,345.772
3457.77,-1.56740419493676e-06,345.777
3457.82,-1.47626196248793e-06,345.782
3457.87,-6.79788331758174e-07,345.787
3457.92,-1.04574895097494e-06,345.792
3457.97,1.30548590699107e-07,345.797
3458.02,-4.51577967372155e-08,345.802
3458.07,-6.02560756081146e-07,345.807
3458.12,-5.62622253524979e-08,345.812
3458.17,7.50859443731446e-07,345.817
3458.22,7.60784739991247e-07,345.822
3458.27,1.00147317429142e-06,345.827
3458.32,8.55193638927746e-07,345.832
3458.37,1.24387332225352e-06,345.837
3458.42,1.60413517465926e-06,345.842
3458.47,1.63095987638576e-06,345.847
3458.52,2.33082974671253e-06,345.852
3458.57,2.95456838833415e-06,345.857
3458.62,3.96073299073609e-06,345.862
3458.67,4.58144884713522e-06,345.867
3458.72,5.85857448491829e-06,345.872
3458.77,7.61157959434267e-06,345.877
3458.82,7.25536527596172e-06,345.882
3458.87,6.63096882615696e-06,345.887
3458.92,4.55232629165335e-06,345.892
3458.97,2.17289760924762e-06,345.897
3459.02,-7.54921660974612e-07,345.902
3459.07,-2.63029244719859e-06,345.907
3459.12,-5.06591450552067e-06,345.912
3459.17,-6.75599377364418e-06,345.917
3459.22,-6.62892044727377e-06,345.922
3459.27,-5.88686359295725e-06,345.927
3459.32,-5.5246909644005e-06,345.932
3459.37,-4.6641458517363e-06,345.937
3459.42,-3.13082406360781e-06,345.942
3459.47,-2.50441839016886e-06,345.947
3459.52,-1.15898816851435e-06,345.952
3459.57,-2.13300288540623e-06,345.957
3459.62,-1.58778953628551e-06,345.962
3459.67,-6.90935271786652e-07,345.967
3459.72,-2.58641168404936e-07,345.972
3459.77,9.48908930596315e-07,345.977
3459.82,-6.08948655274503e-07,345.982
3459.87,-2.45534228483855e-07,345.987
3459.92,-6.69167190787643e-07,345.992
3459.97,-4.72155842421826e-07,345.997
3460.02,4.14401780232551e-07,346.002
3460.07,-2.36092219868805e-07,346.007
3460.12,-1.1296552934093e-06,346.012
3460.17,-1.67532497598105e-07,346.017
3460.22,4.82583374670089e-07,346.022
3460.27,5.76065972287481e-07,346.027
3460.32,1.120968281899e-06,346.032
3460.37,1.09483494999763e-06,346.037
3460.42,1.81595164707114e-06,346.042
3460.47,2.95022551185979e-06,346.047
3460.52,3.57176027232364e-06,346.052
3460.57,4.11078037977459e-06,346.057
3460.62,5.09977037124546e-06,346.062
3460.67,4.69158920639694e-06,346.067
3460.72,4.37721283092898e-06,346.072
3460.77,3.86863760765456e-06,346.077
3460.82,2.21266815501362e-06,346.082
3460.87,9.26243635034595e-07,346.087
3460.92,-9.46386353679743e-07,346.092
3460.97,-2.80347946967236e-06,346.097
3461.02,-3.36119564915823e-06,346.102
3461.07,-3.4886314412622e-06,346.107
3461.12,-3.98310182512684e-06,346.112
3461.17,-3.73718896188919e-06,346.117
3461.22,-3.47909322260676e-06,346.122
3461.27,-3.13687187149561e-06,346.127
3461.32,-1.58605551811568e-06,346.132
3461.37,-2.30809464468346e-08,346.137
3461.42,8.03309577843768e-07,346.142
3461.47,1.61501585899457e-06,346.147
3461.52,2.50303453179719e-06,346.152
3461.57,3.19484737060197e-06,346.157
3461.62,4.37071753448123e-06,346.162
3461.67,4.3481775357163e-06,346.167
3461.72,3.07358244573978e-06,346.172
3461.77,2.72196830975516e-06,346.177
3461.82,2.3261288793902e-06,346.182
3461.87,1.06624490590211e-06,346.187
3461.92,-3.50729821678046e-07,346.192
3461.97,-2.0509021593113e-06,346.197
3462.02,-2.97857055596874e-06,346.202
3462.07,-3.85130301956331e-06,346.207
3462.12,-3.67300567773485e-06,346.212
3462.17,-2.78252358040967e-06,346.217
3462.22,-2.53906071703777e-06,346.222
3462.27,-3.03618247062014e-06,346.227
3462.32,-2.757332211927e-06,346.232
3462.37,-2.11759361684419e-06,346.237
3462.42,-9.4811142207837e-07,346.242
3462.47,-8.93392520967077e-07,346.247
3462.52,-6.27971393958189e-07,346.252
3462.57,2.16701469914617e-08,346.257
3462.62,1.09731422890002e-07,346.262
3462.67,1.049394724177e-06,346.267
3462.72,4.10490730218545e-07,346.272
3462.77,-2.91806783025998e-07,346.277
3462.82,-4.77711412893667e-07,346.282
3462.87,-3.47872607222734e-07,346.287
3462.92,-9.21172610769081e-07,346.292
3462.97,-5.68370357697743e-07,346.297
3463.02,-7.9468773185501e-07,346.302
3463.07,-7.96260654143252e-07,346.307
3463.12,7.94288208475076e-07,346.312
3463.17,1.1437767737999e-06,346.317
3463.22,2.35120613829007e-06,346.322
3463.27,3.75089889264481e-06,346.327
3463.32,4.99842539962966e-06,346.332
3463.37,7.5218245764297e-06,346.337
3463.42,1.00568019603579e-05,346.342
3463.47,1.31239869977724e-05,346.347
3463.52,1.55291641719179e-05,346.352
3463.57,1.72481959498705e-05,346.357
3463.62,1.72167196045633e-05,346.362
3463.67,1.6247893447604e-05,346.367
3463.72,1.34499980757992e-05,346.372
3463.77,9.22872270207912e-06,346.377
3463.82,3.17409508863406e-06,346.382
3463.87,-2.62073632900075e-06,346.387
3463.92,-8.05812954704313e-06,346.392
3463.97,-1.11710328125461e-05,346.397
3464.02,-1.35271249665502e-05,346.402
3464.07,-1.58316216895915e-05,346.407
3464.12,-1.61238115822569e-05,346.412
3464.17,-1.45556035859943e-05,346.417
3464.22,-1.25375554773942e-05,346.422
3464.27,-1.04043014390337e-05,346.427
3464.32,-8.52664335698758e-06,346.432
3464.37,-6.59458912495402e-06,346.437
3464.42,-4.91621392011613e-06,346.442
3464.47,-3.69321202365962e-06,346.447
3464.52,-3.00465466412851e-06,346.452
3464.57,-2.51994624319929e-06,346.457
3464.62,-1.26664489634823e-06,346.462
3464.67,-1.24891316216001e-06,346.467
3464.72,-4.73836161964457e-07,346.472
3464.77,2.51493552500924e-07,346.477
3464.82,8.55386059008527e-07,346.482
3464.87,3.06442927700616e-07,346.487
3464.92,5.3802273236291e-07,346.492
3464.97,2.41935196860286e-07,346.497
3465.02,1.30600051883502e-07,346.502
3465.07,1.88203675760529e-06,346.507
3465.12,3.21831143324321e-06,346.512
3465.17,3.45954580358653e-06,346.517
3465.22,5.40591966953865e-06,346.522
3465.27,7.09304103828086e-06,346.527
3465.32,9.69930782469546e-06,346.532
3465.37,1.31869195514017e-05,346.537
3465.42,1.85262702634007e-05,346.542
3465.47,2.25407460708267e-05,346.547
3465.52,2.4642232896316e-05,346.552
3465.57,2.66001989534138e-05,346.557
3465.62,2.60897688900583e-05,346.562
3465.67,2.25031749313329e-05,346.567
3465.72,1.59513136921655e-05,346.572
3465.77,7.91861715742737e-06,346.577
3465.82,-1.34592644451545e-06,346.582
3465.87,-9.56002029808108e-06,346.587
3465.92,-1.54843280556533e-05,346.592
3465.97,-2.02340879780408e-05,346.597
3466.02,-2.29196905706106e-05,346.602
3466.07,-2.36248631803728e-05,346.607
3466.12,-2.32850493177142e-05,346.612
3466.17,-2.1456926541173e-05,346.617
3466.22,-1.79840282383181e-05,346.622
3466.27,-1.4443301856988e-05,346.627
3466.32,-1.23315250320626e-05,346.632
3466.37,-9.52680769716122e-06,346.637
3466.42,-7.4036126422678e-06,346.642
3466.47,-4.83326520320008e-06,346.647
3466.52,-3.40573194808775e-06,346.652
3466.57,-2.47337387132198e-06,346.657
3466.62,-1.65597113072304e-06,346.662
3466.67,-1.0451649784042e-06,346.667
3466.72,-6.45682991161206e-07,346.672
3466.77,-1.03658886015267e-06,346.677
3466.82,-7.08203855315314e-07,346.682
3466.87,5.06946889316837e-07,346.687
3466.92,2.52269945152446e-07,346.692
3466.97,2.0692369192941e-07,346.697
3467.02,5.90477306400787e-07,346.702
3467.07,1.80501726410864e-06,346.707
3467.12,1.48923801200522e-06,346.712
3467.17,2.28992929233264e-06,346.717
3467.22,4.13577485329088e-06,346.722
3467.27,5.76272914770434e-06,346.727
3467.32,7.9898416740726e-06,346.732
3467.37,1.08600953866614e-05,346.737
3467.42,1.39748775447556e-05,346.742
3467.47,1.57713226061376e-05,346.747
3467.52,1.70146606202012e-05,346.752
3467.57,1.69975262832406e-05,346.757
3467.62,1.57544903239549e-05,346.762
3467.67,1.32010803268814e-05,346.767
3467.72,8.37857498610548e-06,346.772
3467.77,1.60184627067509e-06,346.777
3467.82,-3.86058840718237e-06,346.782
3467.87,-8.37356870784098e-06,346.787
3467.92,-1.20247850488702e-05,346.792
3467.97,-1.40061905567384e-05,346.797
3468.02,-1.59360274829574e-05,346.802
3468.07,-1.56938623364094e-05,346.807
3468.12,-1.44458793910934e-05,346.812
3468.17,-1.20106578350325e-05,346.817
3468.22,-8.11021945286469e-06,346.822
3468.27,-5.46878845604812e-06,346.827
3468.32,-2.82897065549019e-06,346.832
3468.37,1.00838239765713e-06,346.837
3468.42,4.98931453254898e-06,346.842
3468.47,6.96505707269094e-06,346.847
3468.52,9.04400613685811e-06,346.852
3468.57,1.05381452673162e-05,346.857
3468.62,1.09697658829352e-05,346.862
3468.67,1.0172927479109e-05,346.867
3468.72,9.05869942372423e-06,346.872
3468.77,6.35277190076136e-06,346.877
3468.82,2.56194863815807e-06,346.882
3468.87,1.57216662689612e-07,346.887
3468.92,-3.15984145927809e-06,346.892
3468.97,-5.7710446038697e-06,346.897
3469.02,-7.6878350011232e-06,346.902
3469.07,-8.10572443027994e-06,346.907
3469.12,-9.10099939857538e-06,346.912
3469.17,-9.03932428779959e-06,346.917
3469.22,-8.49782733116928e-06,346.922
3469.27,-6.48613579756334e-06,346.927
3469.32,-4.83951661838265e-06,346.932
3469.37,-2.35940972231545e-06,346.937
3469.42,-7.73206043534372e-07,346.942
3469.47,5.40175152336293e-07,346.947
3469.52,2.24638865544902e-06,346.952
3469.57,2.74204935888314e-06,346.957
3469.62,2.61635205983459e-06,346.962
3469.67,1.78083721977148e-06,346.967
3469.72,1.05578038592756e-06,346.972
3469.77,5.21396408537925e-08,346.977
3469.82,-7.66278920626269e-07,346.982
3469.87,-1.83052299330468e-06,346.987
3469.92,-2.08284165527808e-06,346.992
3469.97,-1.56856990263544e-06,346.997
3470.02,-4.88330316421398e-07,347.002
3470.07,1.05948111631839e-06,347.007
3470.12,2.79374099988634e-06,347.012
3470.17,4.78708997741973e-06,347.017
3470.22,8.49869881513979e-06,347.022
3470.27,1.33052914627238e-05,347.027
3470.32,1.92480872101505e-05,347.032
3470.37,2.67923863401432e-05,347.037
3470.42,3.44328194374711e-05,347.042
3470.47,4.14020801058221e-05,347.047
3470.52,4.52571716754061e-05,347.052
3470.57,4.57215395038426e-05,347.057
3470.62,4.38484418895831e-05,347.062
3470.67,3.81151916101265e-05,347.067
3470.72,2.82696758482369e-05,347.072
3470.77,1.58205127860906e-05,347.077
3470.82,1.99438099802479e-06,347.082
3470.87,-1.06311736640453e-05,347.087
3470.92,-2.19408429073511e-05,347.092
3470.97,-3.06416963575326e-05,347.097
3471.02,-3.76568783019062e-05,347.102
3471.07,-4.19047395303339e-05,347.107
3471.12,-4.13611304277006e-05,347.112
3471.17,-3.88113808870476e-05,347.117
3471.22,-3.47341582337448e-05,347.122
3471.27,-3.04489496101032e-05,347.127
3471.32,-2.61651505754255e-05,347.132
3471.37,-1.94607941847967e-05,347.137
3471.42,-1.41224570343859e-05,347.142
3471.47,-1.10581448735263e-05,347.147
3471.52,-7.51961733910773e-06,347.152
3471.57,-5.3885627070194e-06,347.157
3471.62,-3.54052892700298e-06,347.162
3471.67,-1.65795126760084e-06,347.167
3471.72,-8.0740759417173e-07,347.172
3471.77,7.62928402473672e-08,347.177
3471.82,9.11762905234453e-07,347.182
3471.87,1.47801052403595e-06,347.187
3471.92,2.44253631593408e-06,347.192
3471.97,3.42949247189996e-06,347.197
3472.02,5.17379840371881e-06,347.202
3472.07,7.11293637965646e-06,347.207
3472.12,9.99002324255581e-06,347.212
3472.17,1.410552630472e-05,347.217
3472.22,1.97452559500316e-05,347.222
3472.27,2.74966214613723e-05,347.227
3472.32,3.75109008213205e-05,347.232
3472.37,4.92266010469442e-05,347.237
3472.42,5.99858101377638e-05,347.242
3472.47,6.65558684992218e-05,347.247
3472.52,6.8920563620791e-05,347.252
3472.57,6.74026287267966e-05,347.257
3472.62,6.03231180644867e-05,347.262
3472.67,4.74344362136382e-05,347.267
3472.72,2.79803789691117e-05,347.272
3472.77,6.44037673614374e-06,347.277
3472.82,-1.31823708301897e-05,347.282
3472.87,-2.98322432512013e-05,347.287
3472.92,-4.43802686184328e-05,347.292
3472.97,-5.59559071622334e-05,347.297
3473.02,-6.26881756517895e-05,347.302
3473.07,-6.39217763147885e-05,347.307
3473.12,-6.05200130308669e-05,347.312
3473.17,-5.47175631204988e-05,347.317
3473.22,-4.86673835433397e-05,347.322
3473.27,-4.08015191341633e-05,347.327
3473.32,-3.24139591371347e-05,347.332
3473.37,-2.47815293727016e-05,347.337
3473.42,-1.86984325370722e-05,347.342
3473.47,-1.29701046317751e-05,347.347
3473.52,-8.80948968852111e-06,347.352
3473.57,-5.62536917806196e-06,347.357
3473.62,-4.49290764194113e-06,347.362
3473.67,-3.03316639772604e-06,347.367
3473.72,-1.07031831035927e-06,347.372
3473.77,-3.31977813573134e-07,347.377
3473.82,5.75940675490694e-07,347.382
3473.87,1.03760116317939e-06,347.387
3473.92,1.57483138631061e-06,347.392
3473.97,2.97063770252214e-06,347.397
3474.02,4.5469161549635e-06,347.402
3474.07,6.54938718679157e-06,347.407
3474.12,9.05219517750529e-06,347.412
3474.17,1.18326379361112e-05,347.417
3474.22,1.71214090161785e-05,347.422
3474.27,2.35862874290619e-05,347.427
3474.32,3.01818929124077e-05,347.432
3474.37,3.68371732326663e-05,347.437
3474.42,4.16521948866377e-05,347.442
3474.47,4.49230946160861e-05,347.447
3474.52,4.53281075619302e-05,347.452
3474.57,4.22422175027096e-05,347.457
3474.62,3.45659316219581e-05,347.462
3474.67,2.28169360100309e-05,347.467
3474.72,9.30957940997738e-06,347.472
3474.77,-4.19346395971887e-06,347.477
3474.82,-1.62846009341771e-05,347.482
3474.87,-2.7239485585051e-05,347.487
3474.92,-3.51339131890093e-05,347.492
3474.97,-4.01534438272086e-05,347.497
3475.02,-4.16550453887646e-05,347.502
3475.07,-3.93041150152996e-05,347.507
3475.12,-3.39384161768904e-05,347.512
3475.17,-2.82631089536196e-05,347.517
3475.22,-2.08676646556531e-05,347.522
3475.27,-1.34167765251081e-05,347.527
3475.32,-4.59707850381305e-06,347.532
3475.37,3.40070329539525e-06,347.537
3475.42,9.44696678829406e-06,347.542
3475.47,1.42051976691216e-05,347.547
3475.52,1.85050123193601e-05,347.552
3475.57,2.11430893894198e-05,347.557
3475.62,2.08606390852618e-05,347.562
3475.67,1.78939555035276e-05,347.567
3475.72,1.31769897802563e-05,347.572
3475.77,8.07370550509376e-06,347.577
3475.82,2.5347659455836e-06,347.582
3475.87,-3.2263740583722e-06,347.587
3475.92,-8.95458337920091e-06,347.592
3475.97,-1.41509150693563e-05,347.597
3476.02,-1.77547351001972e-05,347.602
3476.07,-1.91017696382592e-05,347.607
3476.12,-1.87327638593919e-05,347.612
3476.17,-1.67013291305208e-05,347.617
3476.22,-1.44996093424872e-05,347.622
3476.27,-1.08231708681368e-05,347.627
3476.32,-5.64051666581644e-06,347.632
3476.37,-1.17463901097868e-06,347.637
3476.42,2.89707282070834e-06,347.642
3476.47,5.76836079123137e-06,347.647
3476.52,7.10148067252161e-06,347.652
3476.57,7.68255351739433e-06,347.657
3476.62,5.68393312462467e-06,347.662
3476.67,3.24101252788973e-06,347.667
3476.72,2.82130856758241e-07,347.672
3476.77,-1.94264348944419e-06,347.677
3476.82,-3.16447296587363e-06,347.682
3476.87,-4.98359451003135e-06,347.687
3476.92,-5.36987782219848e-06,347.692
3476.97,-3.77135918832735e-06,347.697
3477.02,-1.76338404721183e-06,347.702
3477.07,2.66377913486142e-06,347.707
3477.12,8.67874583723767e-06,347.712
3477.17,1.72066108379939e-05,347.717
3477.22,2.86054667887416e-05,347.722
3477.27,4.28276891601266e-05,347.727
3477.32,5.70607743163046e-05,347.732
3477.37,7.06831405105129e-05,347.737
3477.42,8.1578014708054e-05,347.742
3477.47,8.939648112896e-05,347.747
3477.52,9.36837974237189e-05,347.752
3477.57,9.11256127237107e-05,347.757
3477.62,7.95264497063133e-05,347.762
3477.67,6.12113873308829e-05,347.767
3477.72,3.9849500647516e-05,347.772
3477.77,1.69987412146808e-05,347.777
3477.82,-7.95767284021884e-06,347.782
3477.87,-3.3575592452479e-05,347.787
3477.92,-5.68939416313822e-05,347.792
3477.97,-7.43169982109408e-05,347.797
3478.02,-8.5226621631418e-05,347.802
3478.07,-8.86874086563977e-05,347.807
3478.12,-8.83460464833217e-05,347.812
3478.17,-8.41341767597712e-05,347.817
3478.22,-7.47740451265364e-05,347.822
3478.27,-6.09375959303601e-05,347.827
3478.32,-4.7126152394914e-05,347.832
3478.37,-3.53885655038229e-05,347.837
3478.42,-2.63512565926252e-05,347.842
3478.47,-1.89833552155239e-05,347.847
3478.52,-1.32426967629573e-05,347.852
3478.57,-8.23568629530486e-06,347.857
3478.62,-4.29762810926239e-06,347.862
3478.67,-1.78640733362152e-06,347.867
3478.72,2.706080263394e-07,347.872
3478.77,1.02334417765922e-06,347.877
3478.82,3.11844988620366e-06,347.882
3478.87,5.24950004340639e-06,347.887
3478.92,7.47900663357041e-06,347.892
3478.97,1.15297441170916e-05,347.897
3479.02,1.70760314387563e-05,347.902
3479.07,2.42688931907456e-05,347.907
3479.12,3.33510852045068e-05,347.912
3479.17,4.78747828561763e-05,347.917
3479.22,6.54062301147271e-05,347.922
3479.27,8.36304478376011e-05,347.927
3479.32,0.000103322244566818,347.932
3479.37,0.0001208953530103,347.937
3479.42,0.000131697708948071,347.942
3479.47,0.00013873183532063,347.947
3479.52,0.000138271485939462,347.952
3479.57,0.000124811754987484,347.957
3479.62,9.92251914579804e-05,347.962
3479.67,6.63882706088619e-05,347.967
3479.72,3.26033295833792e-05,347.972
3479.77,-3.4002256013575e-06,347.977
3479.82,-4.26084779392615e-05,347.982
3479.87,-7.83718218243751e-05,347.987
3479.92,-0.000107210383166554,347.992
3479.97,-0.000126184220300408,347.997
3480.02,-0.000133392562919129,348.002
3480.07,-0.000133875304627837,348.007
3480.12,-0.000128836010657388,348.012
3480.17,-0.000117381628088678,348.017
3480.22,-9.8138384942189e-05,348.022
3480.27,-7.527000117242e-05,348.027
3480.32,-5.75897594927986e-05,348.032
3480.37,-4.35981436384579e-05,348.037
3480.42,-3.1542524390364e-05,348.042
3480.47,-2.25144471681582e-05,348.047
3480.52,-1.64917210141523e-05,348.052
3480.57,-1.13893960425902e-05,348.057
3480.62,-7.06211174773817e-06,348.062
3480.67,-4.73394511731808e-06,348.067
3480.72,-2.53094327456019e-06,348.072
3480.77,-1.43298534385468e-06,348.077
3480.82,6.91095109106661e-07,348.082
3480.87,2.88409788991244e-06,348.087
3480.92,5.17441370048875e-06,348.092
3480.97,9.37620821911188e-06,348.097
3481.02,1.42608943327364e-05,348.102
3481.07,2.03567871037377e-05,348.107
3481.12,2.87383194298638e-05,348.112
3481.17,3.98370783650916e-05,348.117
3481.22,5.1983363270318e-05,348.122
3481.27,6.50212870307971e-05,348.127
3481.32,7.62261768277894e-05,348.132
3481.37,8.47327732566517e-05,348.137
3481.42,9.03172156903809e-05,348.142
3481.47,9.27631881590947e-05,348.147
3481.52,8.61862608482414e-05,348.152
3481.57,7.1856732957622e-05,348.157
3481.62,5.09386117293911e-05,348.162
3481.67,2.74203268993428e-05,348.167
3481.72,3.75269332177023e-06,348.172
3481.77,-2.11912078342717e-05,348.177
3481.82,-4.56741236160298e-05,348.182
3481.87,-6.54228319403015e-05,348.187
3481.92,-7.9843074711795e-05,348.192
3481.97,-8.58593794049655e-05,348.197
3482.02,-8.63704381897477e-05,348.202
3482.07,-8.19783827226457e-05,348.207
3482.12,-7.21820213416244e-05,348.212
3482.17,-5.84239989904658e-05,348.217
3482.22,-3.99442205510016e-05,348.222
3482.27,-2.18138053800655e-05,348.227
3482.32,-6.59789606541209e-06,348.232
3482.37,5.63963399463193e-06,348.237
3482.42,1.66343289058815e-05,348.242
3482.47,2.51246300388331e-05,348.247
3482.52,2.92517364793569e-05,348.252
3482.57,3.01484923662927e-05,348.257
3482.62,2.86974637243399e-05,348.262
3482.67,2.52490139589581e-05,348.267
3482.72,1.95530797505162e-05,348.272
3482.77,1.05618285993519e-05,348.277
3482.82,-8.66238915149009e-07,348.282
3482.87,-1.12509386072545e-05,348.287
3482.92,-1.99626749792142e-05,348.292
3482.97,-2.71241923950214e-05,348.297
3483.02,-3.09574286233373e-05,348.302
3483.07,-3.31032749897749e-05,348.307
3483.12,-3.03526344099013e-05,348.312
3483.17,-2.44252949173354e-05,348.317
3483.22,-1.62763291081464e-05,348.322
3483.27,-7.35316501946128e-06,348.327
3483.32,2.7518359686494e-07,348.332
3483.37,6.70256252086416e-06,348.337
3483.42,1.11299242759859e-05,348.342
3483.47,1.29992629863418e-05,348.347
3483.52,1.32335456219062e-05,348.352
3483.57,1.11095456469655e-05,348.357
3483.62,8.21116951582633e-06,348.362
3483.67,4.79106591327493e-06,348.367
3483.72,-8.12623073338005e-07,348.372
3483.77,-5.79129793609327e-06,348.377
3483.82,-9.46485738092106e-06,348.382
3483.87,-1.13301798814513e-05,348.387
3483.92,-1.04882368682245e-05,348.392
3483.97,-6.33996813433965e-06,348.397
3484.02,-3.29324070942431e-08,348.402
3484.07,1.04087315757773e-05,348.407
3484.12,2.44016250099566e-05,348.412
3484.17,4.36023321313791e-05,348.417
3484.22,6.53182046400984e-05,348.422
3484.27,8.73995723799321e-05,348.427
3484.32,0.000106902528936848,348.432
3484.37,0.000124989032055396,348.437
3484.42,0.000140647847087789,348.442
3484.47,0.000149609163491735,348.447
3484.52,0.000146535785212651,348.452
3484.57,0.000133435978259216,348.457
3484.62,0.000113963764166369,348.462
3484.67,8.79104790186039e-05,348.467
3484.72,5.35173809031572e-05,348.472
3484.77,1.08532130126093e-05,348.477
3484.82,-3.61184014455671e-05,348.482
3484.87,-7.84564419110626e-05,348.487
3484.92,-0.000112575797849728,348.492
3484.97,-0.00013838059260015,348.497
3485.02,-0.000153985574758781,348.502
3485.07,-0.000159544402947339,348.507
3485.12,-0.000151638013974173,348.512
3485.17,-0.000132229128462331,348.517
3485.22,-0.00010886132956011,348.522
3485.27,-8.77871332719379e-05,348.527
3485.32,-6.95882031275871e-05,348.532
3485.37,-5.31857918802306e-05,348.537
3485.42,-3.89621755819813e-05,348.542
3485.47,-2.75419341529534e-05,348.547
3485.52,-1.88950590103164e-05,348.552
3485.57,-1.20082234972663e-05,348.557
3485.62,-6.42677196519971e-06,348.562
3485.67,-1.77593610131857e-06,348.567
3485.72,1.29458048842481e-06,348.572
3485.77,4.09844312017663e-06,348.577
3485.82,8.74575948653373e-06,348.582
3485.87,1.37334597041027e-05,348.587
3485.92,1.9275012596803e-05,348.592
3485.97,2.85081201274089e-05,348.597
3486.02,4.12746711630317e-05,348.602
3486.07,5.85003494885653e-05,348.607
3486.12,7.97120321618978e-05,348.612
3486.17,0.000105009428583958,348.617
3486.22,0.00013303572659165,348.622
3486.27,0.000160820336028109,348.627
3486.32,0.000185993894466088,348.632
3486.37,0.000209309104512743,348.637
3486.42,0.0002239151848083,348.642
3486.47,0.000223777608925428,348.647
3486.52,0.000206331551433888,348.652
3486.57,0.000176401243302215,348.657
3486.62,0.000139138432375976,348.662
3486.67,9.27131499883206e-05,348.667
3486.72,3.14000485077599e-05,348.672
3486.77,-3.82441264889063e-05,348.677
3486.82,-0.000103085004031872,348.682
3486.87,-0.000159023025076364,348.687
3486.92,-0.00020036132016285,348.692
3486.97,-0.000227383328545206,348.697
3487.02,-0.000239786046769714,348.702
3487.07,-0.000235191162637927,348.707
3487.12,-0.000210306019526611,348.712
3487.17,-0.000174092094935593,348.717
3487.22,-0.000139245283694322,348.722
3487.27,-0.00011091669821461,348.727
3487.32,-8.63287412057311e-05,348.732
3487.37,-6.50104354332182e-05,348.737
3487.42,-4.6508273615985e-05,348.742
3487.47,-3.27084983447398e-05,348.747
3487.52,-2.26551644207216e-05,348.752
3487.57,-1.62735569165174e-05,348.757
3487.62,-1.01509602657008e-05,348.762
3487.67,-5.65360346875232e-06,348.767
3487.72,-2.1611476783846e-06,348.772
3487.77,1.9753560218983e-06,348.777
3487.82,4.99929576487877e-06,348.782
3487.87,9.23574603502762e-06,348.787
3487.92,1.51812015425826e-05,348.792
3487.97,2.22349323889535e-05,348.797
3488.02,3.33576118251537e-05,348.802
3488.07,4.66084886789869e-05,348.807
3488.12,6.37078141347317e-05,348.812
3488.17,8.36561426307137e-05,348.817
3488.22,0.00010203431879264,348.822
3488.27,0.000118784343628255,348.827
3488.32,0.000135079138351828,348.832
3488.37,0.000147564677759013,348.837
3488.42,0.000149682766410077,348.842
3488.47,0.000140563128553619,348.847
3488.52,0.000122130877874107,348.852
3488.57,9.86258073812343e-05,348.857
3488.62,6.94334615835546e-05,348.862
3488.67,3.10882496663973e-05,348.867
3488.72,-1.36497390694207e-05,348.872
3488.77,-5.90128312869682e-05,348.877
3488.82,-9.7045259887931e-05,348.882
3488.87,-0.000126257742670809,348.887
3488.92,-0.000145263888478691,348.892
3488.97,-0.00015456333618831,348.897
3489.02,-0.000152335344346922,348.902
3489.07,-0.000136536161103041,348.907
3489.12,-0.000110029749039466,348.912
3489.17,-8.15681878592774e-05,348.917
3489.22,-5.49514743405585e-05,348.922
3489.27,-3.22052012490301e-05,348.927
3489.32,-1.08936122798021e-05,348.932
3489.37,7.86839775378643e-06,348.937
3489.42,2.22011291031345e-05,348.942
3489.47,3.21032812546147e-05,348.947
3489.52,3.67102699519487e-05,348.952
3489.57,3.89752601474743e-05,348.957
3489.62,3.77126577509046e-05,348.962
3489.67,3.14687872254546e-05,348.967
3489.72,1.93915140059444e-05,348.972
3489.77,5.78437864423496e-06,348.977
3489.82,-9.00450296550669e-06,348.982
3489.87,-2.21864984646668e-05,348.987
3489.92,-3.28046434992889e-05,348.992
3489.97,-4.08699267103237e-05,348.997
3490.02,-4.3444458167427e-05,349.002
3490.07,-3.97816390073988e-05,349.007
3490.12,-3.09384931449228e-05,349.012
3490.17,-1.91947465738038e-05,349.017
3490.22,-8.44242824744686e-06,349.022
3490.27,1.22176514994894e-06,349.027
3490.32,1.13311285571984e-05,349.032
3490.37,1.95888721229842e-05,349.037
3490.42,2.35212830034e-05,349.042
3490.47,2.23754639337645e-05,349.047
3490.52,2.03703997057315e-05,349.052
3490.57,1.56925377702719e-05,349.057
3490.62,9.15257581127439e-06,349.062
3490.67,1.5997520242145e-06,349.067
3490.72,-7.65460897554654e-06,349.072
3490.77,-1.54959381463413e-05,349.077
3490.82,-2.00363204089687e-05,349.082
3490.87,-2.1206133815189e-05,349.087
3490.92,-1.87663792000158e-05,349.092
3490.97,-1.17538821870019e-05,349.097
3491.02,2.03867341568913e-06,349.102
3491.07,2.22551901960626e-05,349.107
3491.12,4.65908352552967e-05,349.112
3491.17,7.28766130843865e-05,349.117
3491.22,9.95648173754438e-05,349.122
3491.27,0.000127194515222218,349.127
3491.32,0.000155961165152813,349.132
3491.37,0.000179099635117828,349.137
3491.42,0.000192551624517719,349.142
3491.47,0.000195138645380531,349.147
3491.52,0.000189133098312342,349.152
3491.57,0.000176957525280866,349.157
3491.62,0.000148634962997171,349.162
3491.67,0.000100180722729823,349.167
3491.72,3.89128936668734e-05,349.172
3491.77,-2.56223514270858e-05,349.177
3491.82,-8.79131460504212e-05,349.182
3491.87,-0.000141556606855346,349.187
3491.92,-0.000186139686238921,349.192
3491.97,-0.000214980574521612,349.197
3492.02,-0.000221872345833479,349.202
3492.07,-0.000207236033210811,349.207
3492.12,-0.000181170701671012,349.212
3492.17,-0.00015482270055766,349.217
3492.22,-0.000130143214238728,349.222
3492.27,-0.000105418477876613,349.227
3492.32,-8.14474554458015e-05,349.232
3492.37,-6.16380810974567e-05,349.237
3492.42,-4.52366856491314e-05,349.242
3492.47,-3.17962235545448e-05,349.247
3492.52,-2.18317317717773e-05,349.252
3492.57,-1.33611447473345e-05,349.257
3492.62,-6.53199666263032e-06,349.262
3492.67,6.74468671661534e-07,349.267
3492.72,6.02661315150978e-06,349.272
3492.77,1.08284579454726e-05,349.277
3492.82,1.70720622152295e-05,349.282
3492.87,2.6226427421383e-05,349.287
3492.92,3.77716143686787e-05,349.292
3492.97,5.32268131565217e-05,349.297
3493.02,7.5202707842774e-05,349.302
3493.07,0.000100654845808867,349.307
3493.12,0.000131294629152806,349.312
3493.17,0.000163175593615949,349.317
3493.22,0.000199773427592324,349.322
3493.27,0.00023671035049989,349.327
3493.32,0.000269513338291507,349.332
3493.37,0.000291409562114545,349.337
3493.42,0.000295892359311834,349.342
3493.47,0.000287988440475519,349.347
3493.52,0.000270323954868094,349.352
3493.57,0.000233147876174546,349.357
3493.62,0.000168093474990312,349.362
3493.67,8.07191141158476e-05,349.367
3493.72,-1.58704883084664e-05,349.372
3493.77,-0.000110161632867856,349.377
3493.82,-0.00019484434110442,349.382
3493.87,-0.000265494425635009,349.387
3493.92,-0.000309252864150528,349.392
3493.97,-0.00032013718209294,349.397
3494.02,-0.00031335100018168,349.402
3494.07,-0.000283462970769152,349.407
3494.12,-0.00024418552159714,349.412
3494.17,-0.000204772375994208,349.417
3494.22,-0.000167784117199044,349.422
3494.27,-0.000131901897977978,349.427
3494.32,-0.000100508678145643,349.432
3494.37,-7.49430615556313e-05,349.437
3494.42,-5.49574527877195e-05,349.442
3494.47,-4.00920439218971e-05,349.447
3494.52,-2.81372237093759e-05,349.452
3494.57,-1.84834970693974e-05,349.457
3494.62,-1.13156879644372e-05,349.462
3494.67,-5.4441743478078e-06,349.467
3494.72,-1.15023529228163e-06,349.472
3494.77,5.28384926526853e-06,349.477
3494.82,1.17585159310402e-05,349.482
3494.87,1.96655582375037e-05,349.487
3494.92,3.00127019627743e-05,349.492
3494.97,4.38129560467787e-05,349.497
3495.02,6.04088971465445e-05,349.502
3495.07,8.0353587560534e-05,349.507
3495.12,0.000101894881357358,349.512
3495.17,0.000124851536720464,349.517
3495.22,0.000148955633299235,349.522
3495.27,0.000172594511821305,349.527
3495.32,0.000189984901735987,349.532
3495.37,0.00019698322902375,349.537
3495.42,0.000191799074056672,349.542
3495.47,0.000181087128707555,349.547
3495.52,0.000161331869150765,349.552
3495.57,0.000124290860404154,349.557
3495.62,6.97636410175174e-05,349.562
3495.67,5.75635243572498e-06,349.567
3495.72,-5.79577517100775e-05,349.572
3495.77,-0.000116509150693563,349.577
3495.82,-0.000165468417599904,349.582
3495.87,-0.000201628643563727,349.587
3495.92,-0.000220177330766539,349.592
3495.97,-0.000215485645909462,349.597
3496.02,-0.000189991972055234,349.602
3496.07,-0.000158467154787188,349.607
3496.12,-0.000127641046156655,349.612
3496.17,-9.66202889523129e-05,349.617
3496.22,-6.52757379757587e-05,349.622
3496.27,-3.57894526051442e-05,349.627
3496.32,-1.05109245382142e-05,349.632
3496.37,8.70961807298897e-06,349.637
3496.42,2.33672887652627e-05,349.642
3496.47,3.49713204581925e-05,349.647
3496.52,4.17538463879171e-05,349.652
3496.57,4.27405273384186e-05,349.657
3496.62,3.60145684375579e-05,349.662
3496.67,2.54738702480071e-05,349.667
3496.72,1.0866402737914e-05,349.672
3496.77,-5.61623369911048e-06,349.677
3496.82,-2.17183583076699e-05,349.682
3496.87,-3.55100138989947e-05,349.687
3496.92,-4.47859348975744e-05,349.692
3496.97,-4.63656724365842e-05,349.697
3497.02,-4.12009205734655e-05,349.702
3497.07,-3.1526175395826e-05,349.707
3497.12,-2.12892436279867e-05,349.712
3497.17,-9.42282478048449e-06,349.717
3497.22,4.3968441540542e-06,349.722
3497.27,1.70876169175735e-05,349.727
3497.32,2.53314346393734e-05,349.732
3497.37,2.99302186339606e-05,349.737
3497.42,3.2672535926619e-05,349.742
3497.47,3.18183608136058e-05,349.747
3497.52,2.76717953330523e-05,349.752
3497.57,1.82307890923769e-05,349.757
3497.62,5.42016099295922e-06,349.762
3497.67,-7.32881045458573e-06,349.767
3497.72,-1.94941969683545e-05,349.772
3497.77,-2.9028500098895e-05,349.777
3497.82,-3.54886507951424e-05,349.782
3497.87,-3.61422883848974e-05,349.787
3497.92,-2.90683914665722e-05,349.792
3497.97,-1.23227206946454e-05,349.797
3498.02,8.87494719634993e-06,349.802
3498.07,3.22380513842164e-05,349.807
3498.12,5.95353234044572e-05,349.812
3498.17,9.02351283889428e-05,349.817
3498.22,0.000123420065566024,349.822
3498.27,0.000155257748935648,349.827
3498.32,0.000181998931397319,349.832
3498.37,0.000202596436022113,349.837
3498.42,0.00021737485311188,349.842
3498.47,0.00022560146489855,349.847
3498.52,0.000219472733179576,349.852
3498.57,0.000187000940620953,349.857
3498.62,0.000132625764422333,349.862
3498.67,6.63737809292905e-05,349.867
3498.72,-5.11320957142231e-06,349.872
3498.77,-7.89009501972082e-05,349.877
3498.82,-0.000148540184920173,349.882
3498.87,-0.000202984712895815,349.887
3498.92,-0.000233712678335378,349.892
3498.97,-0.000236782199263076,349.897
3499.02,-0.000223162813342677,349.902
3499.07,-0.000204081435758095,349.907
3499.12,-0.000183047808782768,349.912
3499.17,-0.000156342335908183,349.917
3499.22,-0.000127071885457248,349.922
3499.27,-0.000100291449299099,349.927
3499.32,-7.75946863418437e-05,349.932
3499.37,-5.89688744857238e-05,349.937
3499.42,-4.34390435558515e-05,349.942
3499.47,-3.03034576546051e-05,349.947
3499.52,-1.97106964085463e-05,349.952
3499.57,-1.01239230069083e-05,349.957
3499.62,-3.98126264714543e-06,349.962
3499.67,1.7090869040683e-06,349.967
3499.72,7.6113133386495e-06,349.972
3499.77,1.47038252217082e-05,349.977
3499.82,2.33211258454178e-05,349.982
3499.87,3.55274256788625e-05,349.987
3499.92,5.26453778459154e-05,349.992
3499.97,7.29895144480631e-05,349.997
3500.02,9.7363513751771e-05,350.002
3500.07,0.000127091055867157,350.007
3500.12,0.000161554825850877,350.012
3500.17,0.000200757293839783,350.017
3500.22,0.000241775885199495,350.022
3500.27,0.00027920876862783,350.027
3500.32,0.000306798980084074,350.032
3500.37,0.000326790084011502,350.037
3500.42,0.000340050924198123,350.042
3500.47,0.000335274753500927,350.047
3500.52,0.000296790307755782,350.052
3500.57,0.000222788874002436,350.057
3500.62,0.000127949750614626,350.062
3500.67,2.21294347235013e-05,350.067
3500.72,-8.89688879103806e-05,350.072
3500.77,-0.000196390056088216,350.077
3500.82,-0.000284225401777604,350.082
3500.87,-0.00032103394916709,350.087
3500.92,-0.000322845382857787,350.092
3500.97,-0.000321435328505827,350.097
3501.02,-0.000308992282612295,350.102
3501.07,-0.000281958281536533,350.107
3501.12,-0.000244770568140426,350.112
3501.17,-0.000202247144351755,350.117
3501.22,-0.000160617945902213,350.122
3501.27,-0.000126185437469291,350.127
3501.32,-9.71829700173715e-05,350.132
3501.37,-7.32478316941827e-05,350.137
3501.42,-5.33977314119965e-05,350.142
3501.47,-3.80455713399687e-05,350.147
3501.52,-2.62755929894652e-05,350.152
3501.57,-1.7076492351973e-05,350.157
3501.62,-1.03707263723803e-05,350.162
3501.67,-4.27403874982436e-06,350.167
3501.72,2.39284271135108e-06,350.172
3501.77,9.061026364236e-06,350.177
3501.82,1.64907902379476e-05,350.182
3501.87,2.79984754064762e-05,350.187
3501.92,4.26132392175394e-05,350.192
3501.97,5.92932947419199e-05,350.197
3502.02,7.72583360406391e-05,350.202
3502.07,9.96431368232071e-05,350.207
3502.12,0.000124989246849904,350.212
3502.17,0.000152778572815786,350.217
3502.22,0.000179548305047581,350.222
3502.27,0.00019961941992953,350.227
3502.32,0.000213604404003412,350.232
3502.37,0.000222555231275512,350.237
3502.42,0.000223149317087709,350.242
3502.47,0.00020388890828006,350.247
3502.52,0.000160938884697413,350.252
3502.57,0.000101001801588942,350.257
3502.62,3.24192999130977e-05,350.262
3502.67,-4.12584676022758e-05,350.267
3502.72,-0.000114115963975381,350.272
3502.77,-0.000177237581521228,350.277
3502.82,-0.000221547612335291,350.282
3502.87,-0.000239261071090718,350.287
3502.92,-0.000230819324703964,350.292
3502.97,-0.000210272994870886,350.297
3503.02,-0.000185929080223064,350.302
3503.07,-0.000157136073216288,350.307
3503.12,-0.000123730363083268,350.312
3503.17,-8.97486904247293e-05,350.317
3503.22,-5.95812939042213e-05,350.322
3503.27,-3.34771449692889e-05,350.327
3503.32,-1.03651103909529e-05,350.332
3503.37,9.4018353295798e-06,350.337
3503.42,2.54239596114725e-05,350.342
3503.47,3.510318638704e-05,350.347
3503.52,3.690038099176e-05,350.352
3503.57,3.18947493482329e-05,350.357
3503.62,2.38184802930513e-05,350.362
3503.67,1.24809548868883e-05,350.367
3503.72,-2.9590443926551e-06,350.372
3503.77,-1.78364666482301e-05,350.377
3503.82,-2.90507089561255e-05,350.382
3503.87,-3.61041355102757e-05,350.387
3503.92,-3.67296439691519e-05,350.392
3503.97,-3.37229996590137e-05,350.397
3504.02,-2.7150110932414e-05,350.402
3504.07,-1.82697295468641e-05,350.407
3504.12,-6.00683527588117e-06,350.412
3504.17,6.86654022877405e-06,350.417
3504.22,1.80853620227199e-05,350.422
3504.27,2.71007328072658e-05,350.427
3504.32,3.57058371302738e-05,350.432
3504.37,4.16200831075754e-05,350.437
3504.42,4.30555100608853e-05,350.442
3504.47,3.76523183934803e-05,350.447
3504.52,2.57884815549691e-05,350.452
3504.57,1.12133876047459e-05,350.457
3504.62,-4.56637407627174e-06,350.462
3504.67,-2.00238735146736e-05,350.467
3504.72,-3.4393619439619e-05,350.472
3504.77,-4.36374868326491e-05,350.477
3504.82,-4.61324771982204e-05,350.482
3504.87,-3.90019438903045e-05,350.487
3504.92,-2.66382220563531e-05,350.492
3504.97,-1.02881736828398e-05,350.497
3505.02,9.66357138829746e-06,350.502
3505.07,3.34458901308188e-05,350.507
3505.12,6.25806441508323e-05,350.512
3505.17,9.26514413159028e-05,350.517
3505.22,0.000122150737416398,350.522
3505.27,0.000148936659784293,350.527
3505.32,0.000176860491861526,350.532
3505.37,0.000201880150033964,350.537
3505.42,0.00021548122472249,350.542
3505.47,0.000207972366686446,350.547
3505.52,0.00017962368002062,350.552
3505.57,0.000135913122781016,350.557
3505.62,7.99040137038897e-05,350.562
3505.67,1.20177550035933e-05,350.567
3505.72,-5.89525859021414e-05,350.572
3505.77,-0.00012198012792803,350.577
3505.82,-0.000168556715147577,350.582
3505.87,-0.00019242042087194,350.587
3505.92,-0.000199754991063653,350.592
3505.97,-0.000199140499773123,350.597
3506.02,-0.000190668073570699,350.602
3506.07,-0.000172717445878496,350.607
3506.12,-0.000148572923183219,350.612
3506.17,-0.000124606644131143,350.617
3506.22,-0.000101687022921259,350.622
3506.27,-8.0468663718612e-05,350.627
3506.32,-6.14213265887858e-05,350.632
3506.37,-4.40805363060893e-05,350.637
3506.42,-3.09262588076936e-05,350.642
3506.47,-2.1099226560773e-05,350.647
3506.52,-1.32919697282939e-05,350.652
3506.57,-6.53109497318201e-06,350.657
3506.62,-1.6096627770961e-06,350.662
3506.67,3.61956547518363e-06,350.667
3506.72,9.361076393457e-06,350.672
3506.77,1.71361224400298e-05,350.677
3506.82,2.67693675286191e-05,350.682
3506.87,3.86286668331324e-05,350.687
3506.92,5.42303375764199e-05,350.692
3506.97,7.46591748131959e-05,350.697
3507.02,9.99477959845957e-05,350.702
3507.07,0.000129902349046447,350.707
3507.12,0.00016485636064714,350.712
3507.17,0.000200575362890848,350.717
3507.22,0.000234890539823349,350.722
3507.27,0.000269135514750565,350.727
3507.32,0.000302753647702997,350.732
3507.37,0.000325705335943087,350.737
3507.42,0.000321234961028221,350.742
3507.47,0.000285471693216163,350.747
3507.52,0.000224591644314613,350.752
3507.57,0.000144852109505821,350.757
3507.62,4.67285498596229e-05,350.762
3507.67,-6.08617421445621e-05,350.767
3507.72,-0.000159402620672003,350.772
3507.77,-0.000236847854784592,350.777
3507.82,-0.000283591901173047,350.782
3507.87,-0.000299008633844276,350.787
3507.92,-0.000299103465619901,350.792
3507.97,-0.000290506494401471,350.797
3508.02,-0.000268429789492432,350.802
3508.07,-0.000234377001951945,350.807
3508.12,-0.000196577339000328,350.812
3508.17,-0.000161417178369835,350.817
3508.22,-0.000129595470341801,350.822
3508.27,-0.000100145201087934,350.827
3508.32,-7.55176771405839e-05,350.832
3508.37,-5.49101084980763e-05,350.837
3508.42,-3.85642061060709e-05,350.842
3508.47,-2.74344026519962e-05,350.847
3508.52,-1.90915780863062e-05,350.852
3508.57,-1.22553938033574e-05,350.857
3508.62,-7.24917986534174e-06,350.862
3508.67,-2.37656195881852e-06,350.867
3508.72,4.29787534669176e-06,350.872
3508.77,1.1376747778443e-05,350.877
3508.82,1.95408297511874e-05,350.882
3508.87,3.03458974696312e-05,350.887
3508.92,4.38453094696634e-05,350.892
3508.97,5.95702409367905e-05,350.897
3509.02,7.93925521794035e-05,350.902
3509.07,0.000102388971375947,350.907
3509.12,0.000127031307194632,350.912
3509.17,0.000150088012049972,350.917
3509.22,0.000172309175215936,350.922
3509.27,0.000193841447643391,350.927
3509.32,0.000210574727457093,350.932
3509.37,0.000212893827969288,350.937
3509.42,0.000194517083770753,350.942
3509.47,0.000157839489433453,350.947
3509.52,0.000109600339017333,350.952
3509.57,4.76534773888506e-05,350.957
3509.62,-2.18743371575706e-05,350.962
3509.67,-9.09998326392786e-05,350.967
3509.72,-0.000148421654150412,350.972
3509.77,-0.00018535620536861,350.977
3509.82,-0.000200392859156556,350.982
3509.87,-0.00020138773362259,350.987
3509.92,-0.00019547988225681,350.992
3509.97,-0.000180415555776317,350.997
3510.02,-0.000155851029268437,351.002
3510.07,-0.000128262419821237,351.007
3510.12,-9.89035187815424e-05,351.012
3510.17,-7.27635595745995e-05,351.017
3510.22,-4.82746138844961e-05,351.022
3510.27,-2.54105864158583e-05,351.027
3510.32,-5.24772686998757e-06,351.032
3510.37,9.54161509361013e-06,351.037
3510.42,1.83977425992105e-05,351.042
3510.47,2.25570905904791e-05,351.047
3510.52,2.17154160703882e-05,351.052
3510.57,1.72782246696863e-05,351.057
3510.62,8.38586681218995e-06,351.062
3510.67,-1.58161643160093e-06,351.067
3510.72,-1.07420590917593e-05,351.072
3510.77,-1.86154166968721e-05,351.077
3510.82,-2.24813374896071e-05,351.082
3510.87,-2.38632090120616e-05,351.087
3510.92,-2.33183469414604e-05,351.092
3510.97,-1.91659842466127e-05,351.097
3511.02,-1.19928366031322e-05,351.102
3511.07,-2.74424540899112e-06,351.107
3511.12,6.86001360812711e-06,351.112
3511.17,1.61559613978469e-05,351.117
3511.22,2.56491649415983e-05,351.122
3511.27,3.53830703443066e-05,351.127
3511.32,4.16102965327691e-05,351.132
3511.37,4.13456965472678e-05,351.137
3511.42,3.59514993999179e-05,351.142
3511.47,2.60089144196029e-05,351.147
3511.52,1.2601409857457e-05,351.152
3511.57,-1.67282802477655e-06,351.157
3511.62,-1.78406327667233e-05,351.162
3511.67,-3.20938907071841e-05,351.167
3511.72,-4.02676742319083e-05,351.172
3511.77,-4.25374973038814e-05,351.177
3511.82,-3.97030600162707e-05,351.182
3511.87,-3.3566830626475e-05,351.187
3511.92,-2.36119978842741e-05,351.192
3511.97,-9.27977107827739e-06,351.197
3512.02,8.68438195565031e-06,351.202
3512.07,2.97522927076369e-05,351.207
3512.12,5.16973285827948e-05,351.212
3512.17,7.4976220457924e-05,351.217
3512.22,9.96369704308509e-05,351.222
3512.27,0.00012624999216895,351.227
3512.32,0.000147231683622008,351.232
3512.37,0.000156127988887964,351.237
3512.42,0.000151990724457129,351.242
3512.47,0.000137279054760965,351.247
3512.52,0.000109845983387435,351.252
3512.57,7.02935659199873e-05,351.257
3512.62,2.26612435528086e-05,351.262
3512.67,-2.66940082176799e-05,351.267
3512.72,-7.17274266633374e-05,351.272
3512.77,-0.000104516108245693,351.277
3512.82,-0.000126235242946014,351.282
3512.87,-0.000141886665467397,351.287
3512.92,-0.000149311869992044,351.292
3512.97,-0.000146598711053952,351.297
3513.02,-0.000133561006562867,351.302
3513.07,-0.000117380357221168,351.307
3513.12,-0.000101121782221638,351.312
3513.17,-8.31781174514274e-05,351.317
3513.22,-6.59691349240657e-05,351.322
3513.27,-4.96199255916023e-05,351.327
3513.32,-3.65441599610506e-05,351.332
3513.37,-2.55354916601557e-05,351.337
3513.42,-1.71090314826102e-05,351.342
3513.47,-1.12276199783953e-05,351.347
3513.52,-7.26182812948887e-06,351.352
3513.57,-2.63980381654043e-06,351.357
3513.62,1.38153870283806e-06,351.362
3513.67,4.83784636733262e-06,351.367
3513.72,1.00704011376949e-05,351.372
3513.77,1.50190965742961e-05,351.377
3513.82,2.25981051544417e-05,351.382
3513.87,3.18436058807157e-05,351.387
3513.92,4.36135238202635e-05,351.392
3513.97,6.12343658684366e-05,351.397
3514.02,8.26937379345897e-05,351.402
3514.07,0.000106089836013342,351.407
3514.12,0.000131825377434226,351.412
3514.17,0.000160891486709142,351.417
3514.22,0.000194526964318157,351.422
3514.27,0.000224477892722673,351.427
3514.32,0.000240996002137205,351.432
3514.37,0.000237858820939243,351.437
3514.42,0.000217150052758901,351.442
3514.47,0.000180600619145172,351.447
3514.52,0.000125295579618507,351.452
3514.57,5.47790838477214e-05,351.457
3514.62,-2.04402056836417e-05,351.462
3514.67,-9.06640103745748e-05,351.467
3514.72,-0.000146407132251664,351.472
3514.77,-0.000183412690954556,351.477
3514.82,-0.000207768723592581,351.482
3514.87,-0.000221596639181919,351.487
3514.92,-0.000221449880833797,351.492
3514.97,-0.000206131882038436,351.497
3515.02,-0.00018305543398783,351.502
3515.07,-0.000158768529382546,351.507
3515.12,-0.000132886292261938,351.512
3515.17,-0.000106727543010363,351.517
3515.22,-8.19327746886151e-05,351.522
3515.27,-6.10164031406537e-05,351.527
3515.32,-4.3655055233513e-05,351.532
3515.37,-3.13229171421233e-05,351.537
3515.42,-2.31855793231646e-05,351.542
3515.47,-1.65318204640098e-05,351.547
3515.52,-1.04158981050649e-05,351.552
3515.57,-5.698551457157e-06,351.557
3515.62,-1.46940196286382e-06,351.562
3515.67,1.03574632309838e-06,351.567
3515.72,4.45753926488369e-06,351.572
3515.77,9.89206352189606e-06,351.577
3515.82,1.77216500335169e-05,351.582
3515.87,2.60320227288389e-05,351.587
3515.92,3.68924179328356e-05,351.592
3515.97,5.05008157716448e-05,351.597
3516.02,6.61213392079632e-05,351.602
3516.07,8.33520204555971e-05,351.607
3516.12,0.000102111671665114,351.612
3516.17,0.000121878351129953,351.617
3516.22,0.000142616635655709,351.622
3516.27,0.000156869584829064,351.627
3516.32,0.000157782712084966,351.632
3516.37,0.000146254860844483,351.637
3516.42,0.000125550657047453,351.642
3516.47,9.27206677961278e-05,351.647
3516.52,4.79449043135212e-05,351.652
3516.57,-2.30291429162114e-06,351.657
3516.62,-5.13024065039777e-05,351.662
3516.67,-8.99511879478801e-05,351.667
3516.72,-0.000118326562831421,351.672
3516.77,-0.000136194807879737,351.677
3516.82,-0.00014608161117361,351.682
3516.87,-0.000148395109129035,351.687
3516.92,-0.000139071953475509,351.692
3516.97,-0.000123241687676255,351.697
3517.02,-0.000105059690499012,351.702
3517.07,-8.51092722314554e-05,351.707
3517.12,-6.61018958300331e-05,351.712
3517.17,-4.58411173968338e-05,351.717
3517.22,-2.77393728179339e-05,351.722
3517.27,-1.32915983127891e-05,351.727
3517.32,-2.00104074651832e-06,351.732
3517.37,6.34363865925268e-06,351.737
3517.42,1.07225866270729e-05,351.742
3517.47,1.21661377351888e-05,351.747
3517.52,9.53041221751166e-06,351.752
3517.57,5.13198954756222e-06,351.757
3517.62,6.1767118618925e-07,351.762
3517.67,-4.35485518375223e-06,351.767
3517.72,-9.20137779490167e-06,351.772
3517.77,-1.18368913148735e-05,351.777
3517.82,-1.43402228672024e-05,351.782
3517.87,-1.47624618851619e-05,351.787
3517.92,-1.20416150936101e-05,351.792
3517.97,-6.86073294598724e-06,351.797
3518.02,-9.29473523556246e-07,351.802
3518.07,5.86126836604922e-06,351.807
3518.12,1.44805440923903e-05,351.812
3518.17,2.20110672870648e-05,351.817
3518.22,2.81699552600938e-05,351.822
3518.27,3.27962821755462e-05,351.827
3518.32,3.29389527156738e-05,351.832
3518.37,2.93466286659382e-05,351.837
3518.42,2.2044946645939e-05,351.842
3518.47,1.29608908423256e-05,351.847
3518.52,1.4557144065362e-06,351.852
3518.57,-1.04878967769189e-05,351.857
3518.62,-2.05171938529392e-05,351.862
3518.67,-2.63493547662454e-05,351.867
3518.72,-2.88425417529201e-05,351.872
3518.77,-3.09402316379782e-05,351.877
3518.82,-2.98631154869526e-05,351.882
3518.87,-2.49617128788103e-05,351.887
3518.92,-1.66816978073956e-05,351.892
3518.97,-5.94880943431181e-06,351.897
3519.02,5.81960494367462e-06,351.902
3519.07,1.90621199144044e-05,351.907
3519.12,3.47862190528099e-05,351.912
3519.17,5.19211534107131e-05,351.917
3519.22,6.89435645327727e-05,351.922
3519.27,8.17980627325263e-05,351.927
3519.32,8.8229457813911e-05,351.932
3519.37,8.93665172949854e-05,351.937
3519.42,8.33025550701796e-05,351.942
3519.47,7.02485664703982e-05,351.947
3519.52,4.91023155743024e-05,351.952
3519.57,2.27388335942192e-05,351.957
3519.62,-4.02648584101448e-06,351.962
3519.67,-2.90463369928948e-05,351.967
3519.72,-5.06648740274955e-05,351.972
3519.77,-6.83509241086252e-05,351.977
3519.82,-8.26386789421729e-05,351.982
3519.87,-8.9018174300374e-05,351.987
3519.92,-8.83177294072477e-05,351.992
3519.97,-8.27771766514789e-05,351.997
3520.02,-7.52035222719531e-05,352.002
3520.07,-6.58001095451995e-05,352.007
3520.12,-5.30328313406668e-05,352.012
3520.17,-4.11280425865913e-05,352.017
3520.22,-3.07964669883214e-05,352.022
3520.27,-2.21802246750562e-05,352.027
3520.32,-1.63620298797061e-05,352.032
3520.37,-1.04686368692984e-05,352.037
3520.42,-6.75604523482857e-06,352.042
3520.47,-4.13166131470349e-06,352.047
3520.52,-1.8402491571553e-06,352.052
3520.57,-2.5015454786539e-07,352.057
3520.62,9.33893451967026e-07,352.062
3520.67,3.85143838485269e-06,352.067
3520.72,6.71913078479649e-06,352.072
3520.77,1.05607523893652e-05,352.077
3520.82,1.56609070414115e-05,352.082
3520.87,2.25700744710462e-05,352.087
3520.92,3.0715411148014e-05,352.092
3520.97,4.06164244411092e-05,352.097
3521.02,5.38233467311408e-05,352.102
3521.07,7.06834806018184e-05,352.107
3521.12,9.02839225415202e-05,352.112
3521.17,0.000110900167987205,352.117
3521.22,0.000127693831907187,352.122
3521.27,0.000135993124785765,352.127
3521.32,0.000138833531570765,352.132
3521.37,0.000132194582345502,352.137
3521.42,0.000114008754666187,352.142
3521.47,8.43927266999419e-05,352.147
3521.52,4.61989963726577e-05,352.152
3521.57,5.44293144833252e-06,352.157
3521.62,-3.29549795184486e-05,352.162
3521.67,-6.75713319138996e-05,352.167
3521.72,-9.64586113356012e-05,352.172
3521.77,-0.000119880708499687,352.177
3521.82,-0.00013326770466113,352.182
3521.87,-0.000134478868247733,352.187
3521.92,-0.00012825937689903,352.192
3521.97,-0.000117269406907612,352.197
3522.02,-0.000102552582143238,352.202
3522.07,-8.43791498970329e-05,352.207
3522.12,-6.58022664400585e-05,352.212
3522.17,-4.93249590324223e-05,352.217
3522.22,-3.70778482423097e-05,352.222
3522.27,-2.71362164126274e-05,352.227
3522.32,-1.93729454681491e-05,352.232
3522.37,-1.44392364234208e-05,352.237
3522.42,-1.01559385759303e-05,352.242
3522.47,-6.78866715084929e-06,352.247
3522.52,-4.71605004980548e-06,352.252
3522.57,-2.71752810451901e-06,352.257
3522.62,-7.69988408508055e-08,352.262
3522.67,2.00369770984305e-06,352.267
3522.72,4.78788874449925e-06,352.272
3522.77,8.19934910551512e-06,352.277
3522.82,1.23599495053909e-05,352.282
3522.87,1.84454046057313e-05,352.287
3522.92,2.57686488619918e-05,352.292
3522.97,3.32708952545628e-05,352.297
3523.02,4.33977582613101e-05,352.302
3523.07,5.61355022208857e-05,352.307
3523.12,6.89321312000659e-05,352.312
3523.17,8.12027060528198e-05,352.317
3523.22,8.87228676498885e-05,352.322
3523.27,9.08320333790667e-05,352.327
3523.32,8.83322996347599e-05,352.332
3523.37,7.9205305066376e-05,352.337
3523.42,6.06234007877589e-05,352.342
3523.47,3.596211382856e-05,352.347
3523.52,9.84282635564422e-06,352.352
3523.57,-1.54015135853052e-05,352.357
3523.62,-3.93092342844255e-05,352.362
3523.67,-6.03758322168494e-05,352.367
3523.72,-7.69425165145653e-05,352.372
3523.77,-8.64442111537419e-05,352.377
3523.82,-8.95615596587273e-05,352.382
3523.87,-8.62215497960795e-05,352.387
3523.92,-7.90074256251639e-05,352.392
3523.97,-7.00727974389335e-05,352.397
3524.02,-5.76055647887362e-05,352.402
3524.07,-4.39888280006122e-05,352.407
3524.12,-3.14716511522383e-05,352.412
3524.17,-2.06865593231109e-05,352.417
3524.22,-1.19247803054915e-05,352.422
3524.27,-5.21927330990283e-06,352.427
3524.32,1.4592206017636e-07,352.432
3524.37,2.37286905947749e-06,352.437
3524.42,3.44190804199591e-06,352.442
3524.47,3.21231508653981e-06,352.447
3524.52,2.36070408297512e-06,352.452
3524.57,4.8695086301525e-07,352.457
3524.62,-1.18357088263539e-06,352.462
3524.67,-3.50877513878858e-06,352.467
3524.72,-5.39242677073461e-06,352.472
3524.77,-7.02467037992674e-06,352.477
3524.82,-7.30447602669538e-06,352.482
3524.87,-6.38971320010704e-06,352.487
3524.92,-3.35837647123051e-06,352.492
3524.97,-5.61434285018441e-07,352.497
3525.02,3.72410999000311e-06,352.502
3525.07,8.24497280164533e-06,352.507
3525.12,1.3929370195651e-05,352.512
3525.17,1.6814257343511e-05,352.517
3525.22,1.86770224469211e-05,352.522
3525.27,1.916157872174e-05,352.527
3525.32,1.80324688749332e-05,352.532
3525.37,1.45988779671848e-05,352.537
3525.42,9.93510297159253e-06,352.542
3525.47,3.6357466615116e-06,352.547
3525.52,-2.82909595228698e-06,352.552
3525.57,-8.50474997919178e-06,352.557
3525.62,-1.28856635405116e-05,352.562
3525.67,-1.69764450971811e-05,352.567
3525.72,-2.01620400824453e-05,352.572
3525.77,-2.05197087386461e-05,352.577
3525.82,-1.8861528692519e-05,352.582
3525.87,-1.46330235817521e-05,352.587
3525.92,-1.00090459812395e-05,352.592
3525.97,-4.26654331644512e-06,352.597
3526.02,3.35800169956155e-06,352.602
3526.07,1.126816467937e-05,352.607
3526.12,1.9139665206959e-05,352.612
3526.17,2.73174090054388e-05,352.617
3526.22,3.2975369334683e-05,352.622
3526.27,3.83464402732544e-05,352.627
3526.32,4.0781386623851e-05,352.632
3526.37,3.9874542107331e-05,352.637
3526.42,3.53243911694398e-05,352.642
3526.47,2.62983365955249e-05,352.647
3526.52,1.61755927209721e-05,352.652
3526.57,4.97484051507723e-06,352.657
3526.62,-7.48488327708402e-06,352.662
3526.67,-1.97113206550875e-05,352.667
3526.72,-3.05506704721094e-05,352.672
3526.77,-3.86646225389248e-05,352.677
3526.82,-4.32840335186831e-05,352.682
3526.87,-4.45661956402085e-05,352.687
3526.92,-4.24191544793157e-05,352.692
3526.97,-3.7818041306774e-05,352.697
3527.02,-3.18039807687317e-05,352.702
3527.07,-2.5057303147545e-05,352.707
3527.12,-1.89056018407889e-05,352.712
3527.17,-1.39288757207922e-05,352.717
3527.22,-9.6611706121733e-06,352.722
3527.27,-6.76860847614931e-06,352.727
3527.32,-5.8724030001423e-06,352.732
3527.37,-3.34622044449934e-06,352.737
3527.42,-2.00146586065027e-06,352.742
3527.47,-1.27988608283729e-06,352.747
3527.52,-1.84503501234397e-07,352.752
3527.57,5.19973281297126e-07,352.757
3527.62,1.26555190554054e-06,352.762
3527.67,2.29591445182204e-06,352.767
3527.72,3.25495403397512e-06,352.772
3527.77,4.64376386655175e-06,352.777
3527.82,7.63639954732057e-06,352.782
3527.87,1.15310865827715e-05,352.787
3527.92,1.59107555665339e-05,352.792
3527.97,2.14411324324494e-05,352.797
3528.02,2.93734936416351e-05,352.802
3528.07,3.74849375350719e-05,352.807
3528.12,4.72368476399901e-05,352.812
3528.17,5.3935326268384e-05,352.817
3528.22,6.00303218248226e-05,352.822
3528.27,6.39106785985016e-05,352.827
3528.32,6.35082610863053e-05,352.832
3528.37,5.64904904206124e-05,352.837
3528.42,4.46049481495006e-05,352.842
3528.47,2.993275141921e-05,352.847
3528.52,1.26817519535113e-05,352.852
3528.57,-5.77950884998125e-06,352.857
3528.62,-2.45916980132403e-05,352.862
3528.67,-4.20753937675583e-05,352.867
3528.72,-5.52234668370703e-05,352.872
3528.77,-6.32194698692528e-05,352.877
3528.82,-6.52458502148393e-05,352.882
3528.87,-6.3859338236018e-05,352.887
3528.92,-5.88111526678821e-05,352.892
3528.97,-5.00723365257167e-05,352.897
3529.02,-4.02145036412144e-05,352.902
3529.07,-3.06310908786617e-05,352.907
3529.12,-2.30329141260504e-05,352.912
3529.17,-1.7318814119517e-05,352.917
3529.22,-1.24697475359042e-05,352.922
3529.27,-8.89169781187044e-06,352.927
3529.32,-6.45234369895834e-06,352.932
3529.37,-3.81148996238411e-06,352.937
3529.42,-2.59908012014173e-06,352.942
3529.47,-1.86638248905667e-06,352.947
3529.52,-1.32171507597908e-06,352.952
3529.57,-7.56270838982877e-07,352.957
3529.62,5.6356090447954e-07,352.962
3529.67,1.09003339774931e-06,352.967
3529.72,1.10350056596116e-06,352.972
3529.77,3.41422863711989e-06,352.977
3529.82,7.33485043142372e-06,352.982
3529.87,1.01704193057305e-05,352.987
3529.92,1.36131412175448e-05,352.992
3529.97,1.80532233943439e-05,352.997
3530.02,2.36837303004349e-05,353.002
3530.07,2.91146326969151e-05,353.007
3530.12,3.44787093892945e-05,353.012
3530.17,3.85859182509999e-05,353.017
3530.22,4.14700983669353e-05,353.022
3530.27,4.21875970490814e-05,353.027
3530.32,3.80166859534236e-05,353.032
3530.37,3.10896771549035e-05,353.037
3530.42,2.22430901054015e-05,353.042
3530.47,1.13195542655952e-05,353.047
3530.52,-4.64056299486641e-07,353.052
3530.57,-1.36742390680782e-05,353.057
3530.62,-2.51435095811776e-05,353.062
3530.67,-3.42970872074655e-05,353.067
3530.72,-4.08803129198002e-05,353.072
3530.77,-4.28109307135563e-05,353.077
3530.82,-4.24716359376273e-05,353.082
3530.87,-4.02535962418121e-05,353.087
3530.92,-3.48299028860327e-05,353.092
3530.97,-2.76839647844403e-05,353.097
3531.02,-2.14160484612211e-05,353.102
3531.07,-1.56486727041823e-05,353.107
3531.12,-1.07714255285064e-05,353.112
3531.17,-7.28098735218334e-06,353.117
3531.22,-4.12640108668122e-06,353.122
3531.27,-1.12650944883282e-06,353.127
3531.32,-8.43408048820107e-07,353.132
3531.37,-7.7570750458452e-07,353.137
3531.42,6.13558163262509e-09,353.142
3531.47,5.89669589550068e-07,353.147
3531.52,8.2107039878838e-07,353.152
3531.57,-6.53764634553993e-07,353.157
3531.62,-2.0051688284839e-06,353.162
3531.67,-2.43870469513947e-06,353.167
3531.72,-3.65553796179701e-06,353.172
3531.77,-2.81867394372563e-06,353.177
3531.82,-2.3777903149156e-06,353.182
3531.87,-1.63714976189134e-06,353.187
3531.92,6.52978033569697e-07,353.192
3531.97,2.08644729434992e-06,353.197
3532.02,3.68580720671376e-06,353.202
3532.07,6.08885209787112e-06,353.207
3532.12,7.37389828316539e-06,353.212
3532.17,8.68694830254165e-06,353.217
3532.22,9.87208315769407e-06,353.222
3532.27,9.63852321615398e-06,353.227
3532.32,7.59480101078716e-06,353.232
3532.37,4.72939751482753e-06,353.237
3532.42,2.79541684454337e-06,353.242
3532.47,3.69816257561438e-07,353.247
3532.52,-2.574492861215e-06,353.252
3532.57,-5.76384898782563e-06,353.257
3532.62,-8.08587831264594e-06,353.262
3532.67,-9.65681431104214e-06,353.267
3532.72,-9.95365584728827e-06,353.272
3532.77,-1.01515218638436e-05,353.277
3532.82,-8.58412997484219e-06,353.282
3532.87,-7.06328864265085e-06,353.287
3532.92,-4.99399190672191e-06,353.292
3532.97,-9.84950917776662e-07,353.297
3533.02,1.74193703925459e-06,353.302
3533.07,5.12693740172033e-06,353.307
3533.12,7.26598194204665e-06,353.312
3533.17,1.1053701312126e-05,353.317
3533.22,1.3340376803267e-05,353.322
3533.27,1.3931225035732e-05,353.327
3533.32,1.4382378526993e-05,353.332
3533.37,1.4512931076917e-05,353.337
3533.42,1.11568250507676e-05,353.342
3533.47,8.39210704015852e-06,353.347
3533.52,3.30409275274378e-06,353.352
3533.57,-1.85862079998425e-06,353.357
3533.62,-6.87616906386288e-06,353.362
3533.67,-1.14591774086296e-05,353.367
3533.72,-1.51205220938527e-05,353.372
3533.77,-1.62611614834067e-05,353.377
3533.82,-1.62826319845133e-05,353.382
3533.87,-1.59914399913366e-05,353.387
3533.92,-1.36324458740212e-05,353.392
3533.97,-1.00491073945695e-05,353.397
3534.02,-8.44548906919695e-06,353.402
3534.07,-6.27070585502982e-06,353.407
3534.12,-5.31535805349636e-06,353.412
3534.17,-4.31499961515984e-06,353.417
3534.22,-2.51377090107191e-06,353.422
3534.27,-1.82665445470387e-06,353.427
3534.32,-1.52554164015297e-06,353.432
3534.37,-7.05319791546404e-07,353.437
3534.42,-3.61339775434579e-07,353.442
3534.47,-3.15031421807639e-07,353.447
3534.52,4.87969013109289e-08,353.452
3534.57,-4.28572694125012e-07,353.457
3534.62,-2.31154183609702e-07,353.462
3534.67,8.60444917178817e-07,353.467
3534.72,1.71582608178122e-06,353.472
3534.77,2.22797002632128e-06,353.477
3534.82,4.10294485508978e-06,353.482
3534.87,4.64931048725239e-06,353.487
3534.92,6.84741680516438e-06,353.492
3534.97,8.89018641925919e-06,353.497
3535.02,1.23130280924368e-05,353.502
3535.07,1.45263199346309e-05,353.507
3535.12,1.75957916385868e-05,353.512
3535.17,2.07027718336381e-05,353.517
3535.22,2.21760182825926e-05,353.522
3535.27,2.28683233588133e-05,353.527
3535.32,2.17969999471964e-05,353.532
3535.37,1.93109548779385e-05,353.537
3535.42,1.47088617054505e-05,353.542
3535.47,7.89056857448939e-06,353.547
3535.52,3.63278449700496e-07,353.552
3535.57,-8.00399461850258e-06,353.557
3535.62,-1.54703149513983e-05,353.562
3535.67,-2.06819143918586e-05,353.567
3535.72,-2.38268751784361e-05,353.572
3535.77,-2.54811933982908e-05,353.577
3535.82,-2.43772995318375e-05,353.582
3535.87,-2.18278028222209e-05,353.587
3535.92,-1.76188842857232e-05,353.592
3535.97,-1.41269878560555e-05,353.597
3536.02,-1.09170136940449e-05,353.602
3536.07,-7.34157282831565e-06,353.607
3536.12,-5.57161237735457e-06,353.612
3536.17,-3.82930224451312e-06,353.617
3536.22,-3.1469045650098e-06,353.622
3536.27,-1.96417887639203e-06,353.627
3536.32,-1.91333522620994e-06,353.632
3536.37,-1.43601707884838e-06,353.637
3536.42,-9.14433433056159e-07,353.642
3536.47,-1.71799301017276e-07,353.647
3536.52,-1.98968568934941e-07,353.652
3536.57,-4.11550229304325e-07,353.657
3536.62,-6.05066543436708e-08,353.662
3536.67,1.92158806893696e-07,353.667
3536.72,1.27368501011772e-06,353.672
3536.77,1.74990009817899e-06,353.677
3536.82,3.20660289507199e-06,353.682
3536.87,4.10040759495484e-06,353.687
3536.92,5.53386112371537e-06,353.692
3536.97,7.25842162282621e-06,353.697
3537.02,8.78863560290581e-06,353.702
3537.07,1.03149961471235e-05,353.707
3537.12,1.2279580560023e-05,353.712
3537.17,1.45114946386396e-05,353.717
3537.22,1.48245486854129e-05,353.722
3537.27,1.36158239114617e-05,353.727
3537.32,1.24650131069399e-05,353.732
3537.37,9.63593001994904e-06,353.737
3537.42,5.88178795396596e-06,353.742
3537.47,1.31814747343484e-06,353.747
3537.52,-4.1822006726648e-06,353.752
3537.57,-9.26658135297271e-06,353.757
3537.62,-1.2617356112291e-05,353.762
3537.67,-1.52010924090726e-05,353.767
3537.72,-1.62064157329818e-05,353.772
3537.77,-1.65033221550691e-05,353.777
3537.82,-1.48075888689906e-05,353.782
3537.87,-1.27735564690289e-05,353.787
3537.92,-9.59820225945924e-06,353.792
3537.97,-6.8103949578779e-06,353.797
3538.02,-4.67722594234379e-06,353.802
3538.07,-4.22757377520144e-06,353.807
3538.12,-2.32894917603931e-06,353.812
3538.17,-1.80793153335535e-06,353.817
3538.22,-1.98597604414743e-06,353.822
3538.27,-5.6809962711897e-07,353.827
3538.32,3.46526715458582e-07,353.832
3538.37,-1.98926057521746e-07,353.837
3538.42,-2.94992884092856e-07,353.842
3538.47,4.30334610409747e-07,353.847
3538.52,-9.91583301295949e-09,353.852
3538.57,-5.95342765609072e-07,353.857
3538.62,-3.68419044453066e-07,353.862
3538.67,-8.79433115339282e-07,353.867
3538.72,-3.85287125720569e-07,353.872
3538.77,-6.78166185728337e-07,353.877
3538.82,-1.83040213643344e-07,353.882
3538.87,3.92694110189136e-07,353.887
3538.92,9.44268474229581e-07,353.892
3538.97,2.12617532870272e-06,353.897
3539.02,2.41565120325199e-06,353.902
3539.07,3.36385484992576e-06,353.907
3539.12,3.01433048551614e-06,353.912
3539.17,2.47341526401378e-06,353.917
3539.22,3.98080732753567e-06,353.922
3539.27,3.26846595104296e-06,353.927
3539.32,2.25989609763126e-06,353.932
3539.37,8.18398892085449e-07,353.937
3539.42,1.12219459283352e-07,353.942
3539.47,-1.26158603817793e-06,353.947
3539.52,-2.26526036674372e-06,353.952
3539.57,-2.81912814461398e-06,353.957
3539.62,-3.83976228960207e-06,353.962
3539.67,-3.60948915153484e-06,353.967
3539.72,-3.94297776339848e-06,353.972
3539.77,-4.74110493427736e-06,353.977
3539.82,-3.1051673070228e-06,353.982
3539.87,-1.92605956341226e-06,353.987
3539.92,-7.88116362352072e-07,353.992
3539.97,-2.9415831792854e-07,353.997
3540.02,2.50028027467072e-07,354.002
3540.07,9.44953131726313e-07,354.007
3540.12,2.36938088615265e-06,354.012
3540.17,3.87828546100719e-06,354.017
3540.22,3.32223841384995e-06,354.022
3540.27,3.24273088395995e-06,354.027
3540.32,4.34261972780166e-06,354.032
3540.37,3.08111815308942e-06,354.037
3540.42,2.72828684822173e-06,354.042
3540.47,1.9077472128175e-06,354.047
3540.52,-4.63861528342919e-08,354.052
3540.57,-2.07168352803561e-06,354.057
3540.62,-3.95761511419461e-06,354.062
3540.67,-4.29371705924838e-06,354.067
3540.72,-4.24931053200125e-06,354.072
3540.77,-4.90812780183775e-06,354.077
3540.82,-4.97196651980092e-06,354.082
3540.87,-3.09500931671182e-06,354.087
3540.92,-2.65890486572211e-06,354.092
3540.97,-1.85586650789773e-06,354.097
3541.02,-1.32542028125551e-06,354.102
3541.07,-1.65593756908105e-06,354.107
3541.12,-1.07256917781584e-06,354.112
3541.17,-4.99918032681432e-07,354.117
3541.22,-4.98830635480742e-07,354.122
3541.27,-4.97398672088886e-07,354.127
3541.32,-5.24241273357784e-07,354.132
3541.37,-3.03589139329591e-07,354.137
3541.42,2.26091864395081e-07,354.142
3541.47,5.99058048118109e-08,354.147
3541.52,-2.13681992786261e-07,354.152
3541.57,-1.39168426485349e-07,354.157
3541.62,-1.08219973468683e-08,354.162
3541.67,2.12304741862868e-07,354.167
3541.72,-9.4432995146651e-08,354.172
3541.77,8.74113455242642e-07,354.177
3541.82,1.19712195495222e-06,354.182
3541.87,1.47734152863882e-06,354.187
3541.92,1.51065705192747e-06,354.192
3541.97,1.36644043882518e-06,354.197
3542.02,3.01447815674092e-06,354.202
3542.07,4.52086337100292e-06,354.207
3542.12,4.60123455381363e-06,354.212
3542.17,5.50255482406092e-06,354.217
3542.22,6.20110684057862e-06,354.222
3542.27,6.29358258893612e-06,354.227
3542.32,5.31184862446492e-06,354.232
3542.37,3.52071525228958e-06,354.237
3542.42,2.5635640718595e-06,354.242
3542.47,9.04620987817572e-07,354.247
3542.52,-1.87423591328388e-06,354.252
3542.57,-3.97409611785775e-06,354.257
3542.62,-5.29077079456964e-06,354.262
3542.67,-7.04897124617509e-06,354.267
3542.72,-6.77506126118386e-06,354.272
3542.77,-6.76290747189548e-06,354.277
3542.82,-6.12249093164433e-06,354.282
3542.87,-4.41391024900948e-06,354.287
3542.92,-2.66063664644913e-06,354.292
3542.97,-2.43305962695564e-06,354.297
3543.02,-1.55425921848808e-06,354.302
3543.07,-1.52438935711109e-06,354.307
3543.12,-5.83634192477807e-07,354.312
3543.17,-5.06748945549145e-07,354.317
3543.22,-5.90225733925987e-07,354.322
3543.27,-3.98479088468041e-07,354.327
3543.32,-6.66824588176278e-07,354.332
3543.37,-3.64546030966656e-07,354.337
3543.42,3.61665253441858e-07,354.342
3543.47,-5.36415199631359e-07,354.347
3543.52,-1.0640624202911e-06,354.352
3543.57,-1.116729586355e-06,354.357
3543.62,-6.54225547770746e-07,354.362
3543.67,6.05861963092039e-07,354.367
3543.72,9.75910390303997e-07,354.372
3543.77,6.65485338820438e-07,354.377
3543.82,1.67271727135796e-06,354.382
3543.87,1.22602076615411e-06,354.387
3543.92,1.82182717186335e-06,354.392
3543.97,2.4215558148006e-06,354.397
3544.02,2.34942737126425e-06,354.402
3544.07,2.26833125698642e-06,354.407
3544.12,3.01703555386107e-06,354.412
3544.17,3.86570432014406e-06,354.417
3544.22,3.99190056893696e-06,354.422
3544.27,3.4687573555932e-06,354.427
3544.32,3.30642416814114e-06,354.432
3544.37,2.4334164990822e-06,354.437
3544.42,1.94955610393414e-07,354.442
3544.47,-1.6653527283825e-06,354.447
3544.52,-2.53930683574574e-06,354.452
3544.57,-3.87210900015841e-06,354.457
3544.62,-4.38550367522354e-06,354.462
3544.67,-4.28699801852066e-06,354.467
3544.72,-4.72948589381813e-06,354.472
3544.77,-3.80603955172386e-06,354.477
3544.82,-3.13122456586897e-06,354.482
3544.87,-2.51259624360203e-06,354.487
3544.92,-1.6653079795265e-06,354.492
3544.97,-1.09398374285249e-06,354.497
3545.02,-2.24461992195576e-07,354.502
3545.07,-4.19238082764352e-07,354.507
3545.12,-1.19164581369977e-06,354.512
3545.17,-1.03689296009319e-07,354.517
3545.22,8.29633092383118e-07,354.522
3545.27,-3.09119962460464e-08,354.527
3545.32,-1.08642994368021e-07,354.532
3545.37,8.75919263862301e-08,354.537
3545.42,-2.19908796098034e-07,354.542
3545.47,1.72757940376848e-07,354.547
3545.52,-9.8198630606696e-07,354.552
3545.57,-7.29945087000726e-07,354.557
3545.62,-6.19097695814282e-07,354.562
3545.67,-4.82186298493217e-07,354.567
3545.72,-2.48187835644388e-07,354.572
3545.77,5.57195493334322e-08,354.577
3545.82,-5.86531680903515e-07,354.582
3545.87,-2.15154230148513e-07,354.587
3545.92,6.91864789429783e-07,354.592
3545.97,5.63730950132322e-07,354.597
3546.02,3.3005032215121e-08,354.602
3546.07,-7.34950054263582e-08,354.607
3546.12,3.69717810078248e-07,354.612
3546.17,1.40444800202511e-07,354.617
3546.22,5.22902093922031e-07,354.622
3546.27,4.31585340934822e-07,354.627
3546.32,3.20122652978439e-07,354.632
3546.37,4.93741615532708e-08,354.637
3546.42,-1.13474547577879e-06,354.642
3546.47,-1.19131690960821e-06,354.647
3546.52,-1.56238113585126e-06,354.652
3546.57,-1.02417552749951e-06,354.657
3546.62,-7.58828236103019e-07,354.662
3546.67,-1.49537196144081e-06,354.667
3546.72,-1.05095995525562e-06,354.672
3546.77,-4.81973741427238e-07,354.677
3546.82,-5.48566751476936e-07,354.682
3546.87,-5.98918199203113e-07,354.687
3546.92,1.53421959701194e-07,354.692
3546.97,2.47128301598563e-07,354.697
3547.02,-4.99313923125493e-07,354.702
3547.07,-1.9798856898864e-07,354.707
3547.12,2.63906885154075e-07,354.712
3547.17,3.96667808601536e-07,354.717
3547.22,3.67321508839689e-07,354.722
3547.27,4.52333148017134e-07,354.727
3547.32,8.71690304690486e-07,354.732
3547.37,7.82458848392666e-07,354.737
3547.42,1.7144456145338e-07,354.742
3547.47,1.35204709165438e-07,354.747
3547.52,4.98059880136274e-08,354.752
3547.57,-7.59933532846108e-07,354.757
3547.62,-1.58535296107655e-06,354.762
3547.67,-1.40544689787506e-06,354.767
3547.72,-1.8899293370815e-06,354.772
3547.77,-7.95918325394886e-07,354.777
3547.82,-2.73661121919824e-07,354.782
3547.87,-1.5178090028769e-07,354.787
3547.92,1.76047134242708e-08,354.792
3547.97,-4.21162283572158e-07,354.797
3548.02,4.98415519921296e-07,354.802
3548.07,1.35227083593436e-07,354.807
3548.12,-1.53465694715921e-07,354.812
3548.17,4.09555479128239e-07,354.817
3548.22,2.56478575058822e-07,354.822
3548.27,3.4793182953684e-07,354.827
3548.32,-6.45161518408673e-08,354.832
3548.37,-4.21104110059364e-07,354.837
3548.42,4.21239405428663e-07,354.842
3548.47,7.09974651451161e-07,354.847
3548.52,9.61946509790602e-07,354.852
3548.57,7.84812638218029e-07,354.857
3548.62,2.85692865695482e-07,354.862
3548.67,-2.25334594887488e-07,354.867
3548.72,-4.24775753693794e-07,354.872
3548.77,8.24393001346046e-07,354.877
3548.82,1.1804172070091e-06,354.882
3548.87,5.48030814006303e-07,354.887
3548.92,4.23224017192063e-07,354.892
3548.97,9.08131535570418e-07,354.897
3549.02,7.16879399931266e-07,354.902
3549.07,1.41923290168587e-06,354.907
3549.12,1.18732419293201e-06,354.912
3549.17,5.19192413760005e-07,354.917
3549.22,1.28440907345704e-06,354.922
3549.27,5.73866566015302e-07,354.927
3549.32,7.15360324850405e-08,354.932
3549.37,5.3682346302223e-07,354.937
3549.42,-4.16915617138185e-07,354.942
3549.47,-7.26036274429519e-07,354.947
3549.52,-9.48375440328743e-07,354.952
3549.57,-6.70766962389482e-07,354.957
3549.62,-1.16883291683336e-06,354.962
3549.67,-1.11118520309716e-06,354.967
3549.72,-5.34560359550346e-07,354.972
3549.77,-3.66409820818868e-07,354.977
3549.82,-2.18964595236529e-07,354.982
3549.87,-7.43380931013374e-07,354.987
3549.92,-1.1445298131422e-06,354.992
3549.97,-6.71053355067853e-07,354.997
3550.02,-4.94190179114009e-07,355.002
3550.07,-3.34606808862869e-07,355.007
3550.12,-1.31675230548903e-07,355.012
3550.17,-3.99450138643143e-07,355.017
3550.22,3.19509593651301e-07,355.022
3550.27,5.1735323577859e-07,355.027
3550.32,1.85041654297803e-08,355.032
3550.37,1.23677615369263e-06,355.037
3550.42,2.05883281027514e-07,355.042
3550.47,-5.22704150154339e-07,355.047
3550.52,-3.60782652177435e-07,355.052
3550.57,-4.23961324514676e-07,355.057
3550.62,-3.32772105767054e-07,355.062
3550.67,-4.98580041887167e-07,355.067
3550.72,5.93495616737683e-07,355.072
3550.77,4.91434698385998e-07,355.077
3550.82,3.28510826034795e-07,355.082
3550.87,1.2118265513925e-07,355.087
3550.92,-1.57195511863145e-07,355.092
3550.97,-4.94747302371152e-07,355.097
3551.02,-1.0243075366247e-06,355.102
3551.07,-6.39657557701413e-07,355.107
3551.12,4.27157441634067e-07,355.112
3551.17,1.95268852385383e-07,355.117
3551.22,4.29224838781059e-07,355.122
3551.27,7.49980128711135e-07,355.127
3551.32,-4.29373698647332e-07,355.132
3551.37,2.35102046549774e-07,355.137
3551.42,2.24064741218485e-07,355.142
3551.47,-3.95666622868724e-07,355.147
3551.52,-6.96909244062051e-07,355.152
3551.57,-1.17391184206876e-06,355.157
3551.62,-1.17317796083043e-06,355.162
3551.67,-1.12549569496428e-07,355.167
3551.72,-6.51462305913024e-07,355.172
3551.77,-7.43141524633798e-07,355.177
3551.82,-3.0657612546729e-07,355.182
3551.87,-6.26796736488307e-07,355.187
3551.92,-1.915199689043e-08,355.192
3551.97,2.86733429547569e-08,355.197
3552.02,-4.79839220996253e-07,355.202
3552.07,-3.2088009728625e-07,355.207
3552.12,-3.193944352672e-07,355.212
3552.17,8.97197344888159e-08,355.217
3552.22,2.14334102482264e-07,355.222
3552.27,-4.21327854339341e-07,355.227
3552.32,1.67296342502598e-07,355.232
3552.37,5.00946181347983e-08,355.237
3552.42,1.93843601321926e-07,355.242
3552.47,1.44194754334934e-07,355.247
3552.52,-7.204067197651e-08,355.252
3552.57,2.48332045824842e-07,355.257
3552.62,3.9712648437549e-07,355.262
3552.67,-5.54223006874767e-07,355.267
3552.72,-7.9468773185501e-07,355.272
3552.77,3.27839593194863e-07,355.277
3552.82,-8.216198308359e-07,355.282
3552.87,-4.16915617138185e-07,355.287
3552.92,5.09716843502958e-07,355.292
3552.97,4.82124698896135e-07,355.297
3553.02,-9.6310209655662e-08,355.302
3553.07,4.51384472270029e-07,355.307
3553.12,3.74076348652209e-07,355.312
3553.17,-4.51980707076114e-08,355.317
3553.22,3.37594843801881e-07,355.322
3553.27,1.53547256497981e-07,355.327
3553.32,5.6445588159945e-07,355.332
3553.37,5.66308484237663e-07,355.337
3553.42,-4.37661073157555e-08,355.342
3553.47,-8.47316861391314e-07,355.347
3553.52,-4.60944016552154e-07,355.352
3553.57,-5.83542343702874e-08,355.357
3553.62,-1.44869286528995e-08,355.362
3553.67,3.97829041414619e-07,355.367
3553.72,-2.37369799707477e-07,355.372
3553.77,-6.80806368232071e-07,355.377
3553.82,-6.03339386175467e-07,355.382
3553.87,-1.05662720558721e-07,355.387
3553.92,2.2798026611809e-07,355.392
3553.97,3.34419912469e-07,355.397
3554.02,8.77355509859516e-07,355.402
3554.07,2.10125472575887e-07,355.407
3554.12,-6.1086166886831e-07,355.412
3554.17,-5.13893100408826e-07,355.417
3554.22,2.81927249463461e-07,355.422
3554.27,1.77071730094814e-07,355.427
3554.32,-4.7547385647375e-08,355.432
3554.37,-7.69995313116695e-07,355.437
3554.42,-4.79308947052706e-07,355.442
3554.47,-2.93100024964268e-07,355.447
3554.52,1.48674106080072e-07,355.452
3554.57,-4.23218493505151e-07,355.457
3554.62,-1.48668617353204e-07,355.462
3554.67,-1.53484940220003e-06,355.467
3554.72,-1.14204401419165e-06,355.472
3554.77,-2.06085874481025e-07,355.477
3554.82,-5.96620345447744e-07,355.482
3554.87,8.29268581486996e-08,355.487
3554.92,-2.33821215427034e-07,355.492
3554.97,-5.38444560250755e-07,355.497
3555.02,-4.32306986157836e-07,355.502
3555.07,3.36912423747949e-07,355.507
3555.12,2.25841270801506e-07,355.512
3555.17,8.19423833167987e-08,355.517
3555.22,-5.48358669296557e-07,355.522
3555.27,-6.18632307711928e-07,355.527
3555.32,-6.66126357442563e-08,355.532
3555.37,1.76946433298027e-07,355.537
3555.42,2.63175241358548e-07,355.542
3555.47,-1.29994911006272e-07,355.547
3555.52,2.80707843137584e-07,355.552
3555.57,2.77293505425128e-07,355.557
3555.62,-2.03148112084921e-07,355.562
3555.67,-3.53781693656939e-07,355.567
3555.72,1.6191081768354e-07,355.572
3555.77,5.96015125910416e-08,355.577
3555.82,-4.33432306265981e-08,355.582
3555.87,1.53927621773943e-07,355.587
3555.92,-6.62045410355959e-07,355.592
3555.97,-7.79450746388544e-07,355.597
3556.02,1.57807347588753e-07,355.602
3556.07,-2.07696680346672e-08,355.607
3556.12,3.28249045227221e-07,355.612
3556.17,1.07054303352047e-06,355.617
3556.22,9.95398709370276e-08,355.622
3556.27,3.3422749238822e-07,355.627
3556.32,-6.04587879257742e-07,355.632
3556.37,-2.34501398038165e-07,355.637
3556.42,2.48853522947381e-08,355.642
3556.47,-4.77195201627717e-09,355.647
3556.52,1.15669596080604e-07,355.652
3556.57,3.92242146743581e-07,355.657
3556.62,-6.22107056379979e-07,355.662
3556.67,-7.41315771309182e-07,355.667
3556.72,-4.85972051710436e-07,355.672
3556.77,-1.46547512839006e-07,355.677
3556.82,-7.39566091039758e-07,355.682
3556.87,-9.61260873412646e-07,355.687
3556.92,-2.48375780839569e-07,355.692
3556.97,-8.75215343381465e-08,355.697
3557.02,5.73962776055693e-07,355.702
3557.07,-1.63091173640552e-07,355.707
3557.12,-1.01067256020287e-06,355.712
3557.17,-3.31984525901533e-07,355.717
3557.22,-1.09502172403134e-07,355.722
3557.27,2.0820798409648e-07,355.727
3557.32,1.51390361638998e-07,355.732
3557.37,2.13656157313932e-07,355.737
3557.42,-9.1730164244523e-08,355.742
3557.47,1.28241787172539e-07,355.747
3557.52,-3.93359819342156e-07,355.752
3557.57,-5.88858656375325e-07,355.757
3557.62,-9.75900269371332e-08,355.762
3557.67,-6.77832806751171e-07,355.767
3557.72,-7.92429959789797e-08,355.772
3557.77,4.98529629504084e-07,355.777
3557.82,4.54727211812893e-07,355.782
3557.87,-1.99628614560875e-07,355.787
3557.92,-7.07642257172571e-07,355.792
3557.97,1.25769412878788e-07,355.797
3558.02,-1.64272543438833e-07,355.802
3558.07,-6.86030797169545e-07,355.807
3558.12,-4.12847946128195e-07,355.812
3558.17,-1.09786183428525e-08,355.817
3558.22,5.87691690115067e-07,355.822
3558.27,3.85338997685477e-09,355.827
3558.32,1.98877847621419e-07,355.832
3558.37,-4.98161526463467e-08,355.837
3558.42,-5.93136647008494e-07,355.842
3558.47,5.74967387872792e-07,355.847
3558.52,3.71914978907627e-07,355.852
3558.57,3.18155940757437e-07,355.857
3558.62,3.95408128305262e-07,355.862
3558.67,1.20489047871319e-07,355.867
3558.72,4.82889904333658e-07,355.872
3558.77,1.78230725465097e-07,355.877
3558.82,-1.55533091862913e-07,355.882
3558.87,-8.2340531019012e-07,355.887
3558.92,-3.29089274918624e-07,355.892
3558.97,7.94205423091484e-07,355.897
3559.02,4.8634899090211e-07,355.902
3559.07,2.11957938228903e-07,355.907
3559.12,2.76416427847616e-07,355.912
3559.17,1.51730452944564e-07,355.917
